economy_code,economy,year,variable,value,source,percent
01_AUS,Australia,1990,Capital stock,3209897.8799290387,WDI and PWT calculation,
01_AUS,Australia,1991,Capital stock,3241658.6589730615,WDI and PWT calculation,0.009894638468911365
01_AUS,Australia,1992,Capital stock,3194702.3399404967,WDI and PWT calculation,-0.014485275586492596
01_AUS,Australia,1993,Capital stock,3269648.9715231406,WDI and PWT calculation,0.023459660277470373
01_AUS,Australia,1994,Capital stock,3361182.7214058777,WDI and PWT calculation,0.02799497765048975
01_AUS,Australia,1995,Capital stock,3448704.642123038,WDI and PWT calculation,0.0260390249419562
01_AUS,Australia,1996,Capital stock,3539685.5882801856,WDI and PWT calculation,0.02638119398393579
01_AUS,Australia,1997,Capital stock,3618952.593968984,WDI and PWT calculation,0.022393798463696823
01_AUS,Australia,1998,Capital stock,3713698.16689125,WDI and PWT calculation,0.026180385197684064
01_AUS,Australia,1999,Capital stock,3870166.47047785,WDI and PWT calculation,0.04213274653862897
01_AUS,Australia,2000,Capital stock,4029636.3295536186,WDI and PWT calculation,0.041204909476691975
01_AUS,Australia,2001,Capital stock,4055167.2217895496,WDI and PWT calculation,0.006335780737503738
01_AUS,Australia,2002,Capital stock,4212083.822908463,WDI and PWT calculation,0.038695469887346734
01_AUS,Australia,2003,Capital stock,4299559.029608603,WDI and PWT calculation,0.020767679461739075
01_AUS,Australia,2004,Capital stock,4482319.629141826,WDI and PWT calculation,0.04250682413583706
01_AUS,Australia,2005,Capital stock,4650882.519740263,WDI and PWT calculation,0.037606173710264645
01_AUS,Australia,2006,Capital stock,4757938.92073421,WDI and PWT calculation,0.023018513269160268
01_AUS,Australia,2007,Capital stock,4933821.0109843705,WDI and PWT calculation,0.03696602524334636
01_AUS,Australia,2008,Capital stock,5179907.517135421,WDI and PWT calculation,0.0498774693291828
01_AUS,Australia,2009,Capital stock,5324474.609806161,WDI and PWT calculation,0.02790920343510095
01_AUS,Australia,2010,Capital stock,5473220.512650328,WDI and PWT calculation,0.027936259207663294
01_AUS,Australia,2011,Capital stock,5579192.6585253775,WDI and PWT calculation,0.019361936108752698
01_AUS,Australia,2012,Capital stock,5843307.971197058,WDI and PWT calculation,0.04733934259611838
01_AUS,Australia,2013,Capital stock,6022326.709007116,WDI and PWT calculation,0.030636539900426252
01_AUS,Australia,2014,Capital stock,6203059.684433638,WDI and PWT calculation,0.030010489991553202
01_AUS,Australia,2015,Capital stock,6305359.386441025,WDI and PWT calculation,0.016491813268233457
01_AUS,Australia,2016,Capital stock,6468601.789678548,WDI and PWT calculation,0.02588946850334306
01_AUS,Australia,2017,Capital stock,6577618.49395307,WDI and PWT calculation,0.01685320998557538
01_AUS,Australia,2018,Capital stock,6760298.377382127,WDI and PWT calculation,0.02777295210979447
01_AUS,Australia,2019,Capital stock,7045508.502159561,WDI and PWT calculation,0.04218898469506316
01_AUS,Australia,2020,Capital stock,7025525.094107329,WDI and PWT calculation,-0.0028363329695942907
01_AUS,Australia,2021,Capital stock,7027074.30576847,WDI and PWT calculation,0.00022051186785176924
01_AUS,Australia,2022,Capital stock,7240002.559464331,WDI and PWT calculation,0.03030112454070233
01_AUS,Australia,2023,Capital stock,7565589.948001127,WDI and PWT calculation,0.04497061787791479
01_AUS,Australia,2024,Capital stock,7669496.345443953,WDI and PWT calculation,0.013734077336596595
01_AUS,Australia,2025,Capital stock,7773065.059257426,WDI and PWT calculation,0.013503978507662717
02_BD,Brunei Darussalam,1990,Capital stock,107119.5656696976,WDI and PWT calculation,
02_BD,Brunei Darussalam,1991,Capital stock,111524.38048755303,WDI and PWT calculation,0.04112054404176413
02_BD,Brunei Darussalam,1992,Capital stock,108718.57574078294,WDI and PWT calculation,-0.025158666961465403
02_BD,Brunei Darussalam,1993,Capital stock,115171.72934738347,WDI and PWT calculation,0.05935649508494989
02_BD,Brunei Darussalam,1994,Capital stock,118256.79949107465,WDI and PWT calculation,0.02678669636353148
02_BD,Brunei Darussalam,1995,Capital stock,120838.89274336863,WDI and PWT calculation,0.02183462822777371
02_BD,Brunei Darussalam,1996,Capital stock,133277.24213637013,WDI and PWT calculation,0.10293332809178768
02_BD,Brunei Darussalam,1997,Capital stock,151049.85657853412,WDI and PWT calculation,0.1333507068219415
02_BD,Brunei Darussalam,1998,Capital stock,146443.31145645893,WDI and PWT calculation,-0.03049685200912544
02_BD,Brunei Darussalam,1999,Capital stock,150244.9345812203,WDI and PWT calculation,0.025959691070572832
02_BD,Brunei Darussalam,2000,Capital stock,150405.77403574032,WDI and PWT calculation,0.0010705149891963028
02_BD,Brunei Darussalam,2001,Capital stock,148707.0674528832,WDI and PWT calculation,-0.011294158045112468
02_BD,Brunei Darussalam,2002,Capital stock,152444.1263445947,WDI and PWT calculation,0.025130338158914745
02_BD,Brunei Darussalam,2003,Capital stock,154614.92975496422,WDI and PWT calculation,0.014239993776227866
02_BD,Brunei Darussalam,2004,Capital stock,155480.34361075232,WDI and PWT calculation,0.0055972205087801985
02_BD,Brunei Darussalam,2005,Capital stock,156480.63687586298,WDI and PWT calculation,0.006433567368586024
02_BD,Brunei Darussalam,2006,Capital stock,157836.77920963484,WDI and PWT calculation,0.00866651849613631
02_BD,Brunei Darussalam,2007,Capital stock,155672.1954575782,WDI and PWT calculation,-0.013714064382812197
02_BD,Brunei Darussalam,2008,Capital stock,157621.33177627667,WDI and PWT calculation,0.012520773622863413
02_BD,Brunei Darussalam,2009,Capital stock,162260.29565040962,WDI and PWT calculation,0.029431066352854973
02_BD,Brunei Darussalam,2010,Capital stock,166652.49722159485,WDI and PWT calculation,0.027068862124152826
02_BD,Brunei Darussalam,2011,Capital stock,175090.3434678678,WDI and PWT calculation,0.050631381989153734
02_BD,Brunei Darussalam,2012,Capital stock,187959.62999474906,WDI and PWT calculation,0.07350083546579489
02_BD,Brunei Darussalam,2013,Capital stock,202797.78935553783,WDI and PWT calculation,0.07894333140155307
02_BD,Brunei Darussalam,2014,Capital stock,209510.26661852913,WDI and PWT calculation,0.03309936111395784
02_BD,Brunei Darussalam,2015,Capital stock,217321.0937134173,WDI and PWT calculation,0.03728135723825843
02_BD,Brunei Darussalam,2016,Capital stock,222984.68834454071,WDI and PWT calculation,0.026060952180702923
02_BD,Brunei Darussalam,2017,Capital stock,229737.2080586919,WDI and PWT calculation,0.03028243671923181
02_BD,Brunei Darussalam,2018,Capital stock,240964.64043583322,WDI and PWT calculation,0.048870761823974984
02_BD,Brunei Darussalam,2019,Capital stock,250740.449865638,WDI and PWT calculation,0.040569476966094475
02_BD,Brunei Darussalam,2020,Capital stock,258286.61350361485,WDI and PWT calculation,0.030095517663865312
02_BD,Brunei Darussalam,2021,Capital stock,262939.2777657754,WDI and PWT calculation,0.018013571044383392
02_BD,Brunei Darussalam,2022,Capital stock,267221.81398537697,WDI and PWT calculation,0.016287168109651695
02_BD,Brunei Darussalam,2023,Capital stock,270934.60455060645,WDI and PWT calculation,0.013894039973221028
02_BD,Brunei Darussalam,2024,Capital stock,281914.2757110537,WDI and PWT calculation,0.04052517093067154
02_BD,Brunei Darussalam,2025,Capital stock,283801.8669914867,WDI and PWT calculation,0.006695621481643821
03_CDA,Canada,1990,Capital stock,4465058.419233958,WDI and PWT calculation,
03_CDA,Canada,1991,Capital stock,4597222.862059326,WDI and PWT calculation,0.02959971189985966
03_CDA,Canada,1992,Capital stock,4714735.044739046,WDI and PWT calculation,0.025561558837954745
03_CDA,Canada,1993,Capital stock,4824519.81317897,WDI and PWT calculation,0.023285458758160127
03_CDA,Canada,1994,Capital stock,4949924.194690372,WDI and PWT calculation,0.025993132242682293
03_CDA,Canada,1995,Capital stock,5062817.889855259,WDI and PWT calculation,0.022807156377462334
03_CDA,Canada,1996,Capital stock,5186413.79016005,WDI and PWT calculation,0.02441247206470698
03_CDA,Canada,1997,Capital stock,5341336.418488207,WDI and PWT calculation,0.029870857705585507
03_CDA,Canada,1998,Capital stock,5497746.811383144,WDI and PWT calculation,0.029283007217734136
03_CDA,Canada,1999,Capital stock,5658040.247797324,WDI and PWT calculation,0.029156205608139585
03_CDA,Canada,2000,Capital stock,5822423.726983863,WDI and PWT calculation,0.02905307703502702
03_CDA,Canada,2001,Capital stock,5997571.300622913,WDI and PWT calculation,0.030081557415227778
03_CDA,Canada,2002,Capital stock,6168419.761207874,WDI and PWT calculation,0.02848627419689298
03_CDA,Canada,2003,Capital stock,6353361.991409677,WDI and PWT calculation,0.0299821084428904
03_CDA,Canada,2004,Capital stock,6564270.374133419,WDI and PWT calculation,0.033196342819582725
03_CDA,Canada,2005,Capital stock,6804186.668778306,WDI and PWT calculation,0.03654881364885276
03_CDA,Canada,2006,Capital stock,7060660.897912755,WDI and PWT calculation,0.037693590963826296
03_CDA,Canada,2007,Capital stock,7318152.959228914,WDI and PWT calculation,0.03646854947987643
03_CDA,Canada,2008,Capital stock,7571601.078830729,WDI and PWT calculation,0.03463279887887438
03_CDA,Canada,2009,Capital stock,7758231.528958408,WDI and PWT calculation,0.024648743136966633
03_CDA,Canada,2010,Capital stock,7991628.690053627,WDI and PWT calculation,0.030083809721846988
03_CDA,Canada,2011,Capital stock,8241361.868358906,WDI and PWT calculation,0.03124934703436577
03_CDA,Canada,2012,Capital stock,8510161.171017082,WDI and PWT calculation,0.03261588399487447
03_CDA,Canada,2013,Capital stock,8778521.587162035,WDI and PWT calculation,0.031534116775473464
03_CDA,Canada,2014,Capital stock,9053972.70588196,WDI and PWT calculation,0.03137784830679857
03_CDA,Canada,2015,Capital stock,9294073.980263967,WDI and PWT calculation,0.026518886480188186
03_CDA,Canada,2016,Capital stock,9503134.41230651,WDI and PWT calculation,0.02249394963785356
03_CDA,Canada,2017,Capital stock,9726041.424017608,WDI and PWT calculation,0.023456156888871815
03_CDA,Canada,2018,Capital stock,9957758.75505123,WDI and PWT calculation,0.023824423620221857
03_CDA,Canada,2019,Capital stock,10188397.546437254,WDI and PWT calculation,0.02316171711521231
03_CDA,Canada,2020,Capital stock,10393421.282404145,WDI and PWT calculation,0.02012325638378587
03_CDA,Canada,2021,Capital stock,10714011.686162414,WDI and PWT calculation,0.030845512276214793
03_CDA,Canada,2022,Capital stock,11042179.494407715,WDI and PWT calculation,0.030629778822170106
03_CDA,Canada,2023,Capital stock,11333890.942639483,WDI and PWT calculation,0.026417923054004477
03_CDA,Canada,2024,Capital stock,11565812.505598009,WDI and PWT calculation,0.020462660540168764
03_CDA,Canada,2025,Capital stock,11767368.227101319,WDI and PWT calculation,0.01742685361756946
04_CHL,Chile,1990,Capital stock,419131.42760639003,WDI and PWT calculation,
04_CHL,Chile,1991,Capital stock,433090.7269345265,WDI and PWT calculation,0.033305303321815805
04_CHL,Chile,1992,Capital stock,450044.41292813997,WDI and PWT calculation,0.0391458069620052
04_CHL,Chile,1993,Capital stock,474073.45256146207,WDI and PWT calculation,0.05339259624840387
04_CHL,Chile,1994,Capital stock,496928.6392952295,WDI and PWT calculation,0.048210222720295404
04_CHL,Chile,1995,Capital stock,523339.90148410475,WDI and PWT calculation,0.05314900390191446
04_CHL,Chile,1996,Capital stock,556635.2764722701,WDI and PWT calculation,0.06362093716482398
04_CHL,Chile,1997,Capital stock,596414.357725504,WDI and PWT calculation,0.07146345719469593
04_CHL,Chile,1998,Capital stock,637433.2589170282,WDI and PWT calculation,0.06877584461238428
04_CHL,Chile,1999,Capital stock,667504.2917621587,WDI and PWT calculation,0.047175186459865515
04_CHL,Chile,2000,Capital stock,701412.2214606057,WDI and PWT calculation,0.0507980699403936
04_CHL,Chile,2001,Capital stock,735579.2486313719,WDI and PWT calculation,0.04871176481587036
04_CHL,Chile,2002,Capital stock,770792.6754317405,WDI and PWT calculation,0.047871696851001566
04_CHL,Chile,2003,Capital stock,809527.510197272,WDI and PWT calculation,0.05025324707948875
04_CHL,Chile,2004,Capital stock,854260.1619092415,WDI and PWT calculation,0.05525772892025471
04_CHL,Chile,2005,Capital stock,913198.3067319305,WDI and PWT calculation,0.0689932030670426
04_CHL,Chile,2006,Capital stock,973655.7498243253,WDI and PWT calculation,0.06620406832416759
04_CHL,Chile,2007,Capital stock,1039007.3382579105,WDI and PWT calculation,0.06711980948643959
04_CHL,Chile,2008,Capital stock,1120958.4415097428,WDI and PWT calculation,0.07887442199324468
04_CHL,Chile,2009,Capital stock,1184343.6805618135,WDI and PWT calculation,0.05654557448775854
04_CHL,Chile,2010,Capital stock,1254791.2551934996,WDI and PWT calculation,0.059482374743003774
04_CHL,Chile,2011,Capital stock,1337273.549836187,WDI and PWT calculation,0.06573387748862491
04_CHL,Chile,2012,Capital stock,1431106.8813330566,WDI and PWT calculation,0.07016764184737223
04_CHL,Chile,2013,Capital stock,1522128.175320302,WDI and PWT calculation,0.06360202384217462
04_CHL,Chile,2014,Capital stock,1602929.8045884694,WDI and PWT calculation,0.05308464200208651
04_CHL,Chile,2015,Capital stock,1681478.1620899902,WDI and PWT calculation,0.049002992692925185
04_CHL,Chile,2016,Capital stock,1753455.4845953556,WDI and PWT calculation,0.042805981146910144
04_CHL,Chile,2017,Capital stock,1817531.0152746644,WDI and PWT calculation,0.036542433635887495
04_CHL,Chile,2018,Capital stock,1888558.436468703,WDI and PWT calculation,0.03907906968140784
04_CHL,Chile,2019,Capital stock,1964438.4316058354,WDI and PWT calculation,0.040178791226082256
04_CHL,Chile,2020,Capital stock,2020618.4884967012,WDI and PWT calculation,0.028598532785240494
04_CHL,Chile,2021,Capital stock,2097175.913894911,WDI and PWT calculation,0.037888114868812606
04_CHL,Chile,2022,Capital stock,2177261.490851074,WDI and PWT calculation,0.038187343477270375
04_CHL,Chile,2023,Capital stock,2261269.074693519,WDI and PWT calculation,0.03858405809106902
04_CHL,Chile,2024,Capital stock,2324700.5298285093,WDI and PWT calculation,0.028051263710660912
04_CHL,Chile,2025,Capital stock,2381870.8379807677,WDI and PWT calculation,0.024592547478137217
05_PRC,China,1990,Capital stock,5881131.695777828,WDI and PWT calculation,
05_PRC,China,1991,Capital stock,6251489.282325892,WDI and PWT calculation,0.0629738638252142
05_PRC,China,1992,Capital stock,6805006.761236318,WDI and PWT calculation,0.08854169845181081
05_PRC,China,1993,Capital stock,7618169.151187948,WDI and PWT calculation,0.11949472182506637
05_PRC,China,1994,Capital stock,8513344.411723861,WDI and PWT calculation,0.117505301178082
05_PRC,China,1995,Capital stock,9482721.104225619,WDI and PWT calculation,0.11386555572294399
05_PRC,China,1996,Capital stock,10546806.606145872,WDI and PWT calculation,0.11221309687638947
05_PRC,China,1997,Capital stock,11675969.691169197,WDI and PWT calculation,0.10706208307312037
05_PRC,China,1998,Capital stock,13012700.830900216,WDI and PWT calculation,0.11448566372538815
05_PRC,China,1999,Capital stock,14401998.34824886,WDI and PWT calculation,0.10676473204160586
05_PRC,China,2000,Capital stock,15878782.48891689,WDI and PWT calculation,0.10254022427711162
05_PRC,China,2001,Capital stock,17554639.49340217,WDI and PWT calculation,0.10554064870244284
05_PRC,China,2002,Capital stock,19518702.635657266,WDI and PWT calculation,0.11188285256403474
05_PRC,China,2003,Capital stock,21947052.935137328,WDI and PWT calculation,0.12441146037257056
05_PRC,China,2004,Capital stock,24700241.724863894,WDI and PWT calculation,0.12544685602496997
05_PRC,China,2005,Capital stock,27796668.968137257,WDI and PWT calculation,0.1253602000241325
05_PRC,China,2006,Capital stock,31264206.535468075,WDI and PWT calculation,0.12474651445846208
05_PRC,China,2007,Capital stock,35132687.96802975,WDI and PWT calculation,0.12373515471032448
05_PRC,China,2008,Capital stock,39485790.73877977,WDI and PWT calculation,0.12390463191177625
05_PRC,China,2009,Capital stock,45135943.09830006,WDI and PWT calculation,0.14309330657448793
05_PRC,China,2010,Capital stock,51427373.775707856,WDI and PWT calculation,0.13938848388978808
05_PRC,China,2011,Capital stock,58112670.45732577,WDI and PWT calculation,0.12999490720204276
05_PRC,China,2012,Capital stock,65340036.14044487,WDI and PWT calculation,0.12436815631156395
05_PRC,China,2013,Capital stock,73169143.8092104,WDI and PWT calculation,0.11982098773158456
05_PRC,China,2014,Capital stock,81411031.00541034,WDI and PWT calculation,0.11264156948030957
05_PRC,China,2015,Capital stock,89993303.86197858,WDI and PWT calculation,0.10541904150554093
05_PRC,China,2016,Capital stock,99131179.78351502,WDI and PWT calculation,0.10153950937895417
05_PRC,China,2017,Capital stock,108768368.24839066,WDI and PWT calculation,0.0972165214407974
05_PRC,China,2018,Capital stock,119183493.51369429,WDI and PWT calculation,0.09575509344333422
05_PRC,China,2019,Capital stock,130170542.41921864,WDI and PWT calculation,0.09218599473476541
05_PRC,China,2020,Capital stock,141307875.07882336,WDI and PWT calculation,0.08555954713422453
05_PRC,China,2021,Capital stock,152659097.4962474,WDI and PWT calculation,0.08032972267888261
05_PRC,China,2022,Capital stock,164287022.8287328,WDI and PWT calculation,0.0761692262249305
05_PRC,China,2023,Capital stock,176371906.8749443,WDI and PWT calculation,0.07355957785424017
05_PRC,China,2024,Capital stock,185116961.8142822,WDI and PWT calculation,0.0495830378788078
05_PRC,China,2025,Capital stock,194298668.45591772,WDI and PWT calculation,0.04959948862410024
06_HKC,"Hong Kong, China",1990,Capital stock,949889.0146198228,WDI and PWT calculation,
06_HKC,"Hong Kong, China",1991,Capital stock,1012093.266311386,WDI and PWT calculation,0.06548581016747446
06_HKC,"Hong Kong, China",1992,Capital stock,1079921.7464595088,WDI and PWT calculation,0.06701801346364689
06_HKC,"Hong Kong, China",1993,Capital stock,1146484.39812899,WDI and PWT calculation,0.06163655087760289
06_HKC,"Hong Kong, China",1994,Capital stock,1224895.702254269,WDI and PWT calculation,0.06839282266138347
06_HKC,"Hong Kong, China",1995,Capital stock,1307926.0010961203,WDI and PWT calculation,0.06778560712478976
06_HKC,"Hong Kong, China",1996,Capital stock,1399066.5373846886,WDI and PWT calculation,0.06968325135534204
06_HKC,"Hong Kong, China",1997,Capital stock,1502713.6482029413,WDI and PWT calculation,0.07408304612302641
06_HKC,"Hong Kong, China",1998,Capital stock,1587656.5166922132,WDI and PWT calculation,0.05652631729994129
06_HKC,"Hong Kong, China",1999,Capital stock,1645339.3327383085,WDI and PWT calculation,0.036332050062235055
06_HKC,"Hong Kong, China",2000,Capital stock,1710612.1318534678,WDI and PWT calculation,0.03967132968645859
06_HKC,"Hong Kong, China",2001,Capital stock,1775567.5874094558,WDI and PWT calculation,0.037972053597917554
06_HKC,"Hong Kong, China",2002,Capital stock,1829922.07767365,WDI and PWT calculation,0.030612459164957695
06_HKC,"Hong Kong, China",2003,Capital stock,1883204.742683528,WDI and PWT calculation,0.029117450223681285
06_HKC,"Hong Kong, China",2004,Capital stock,1938876.2561218303,WDI and PWT calculation,0.029562114079519253
06_HKC,"Hong Kong, China",2005,Capital stock,1996531.893795395,WDI and PWT calculation,0.02973662578595304
06_HKC,"Hong Kong, China",2006,Capital stock,2058907.761171065,WDI and PWT calculation,0.031242109164153486
06_HKC,"Hong Kong, China",2007,Capital stock,2118401.088754506,WDI and PWT calculation,0.028895576919678145
06_HKC,"Hong Kong, China",2008,Capital stock,2173836.917359045,WDI and PWT calculation,0.02616871228910278
06_HKC,"Hong Kong, China",2009,Capital stock,2220344.0096652573,WDI and PWT calculation,0.021394011636674648
06_HKC,"Hong Kong, China",2010,Capital stock,2275815.826558036,WDI and PWT calculation,0.02498343349107479
06_HKC,"Hong Kong, China",2011,Capital stock,2339521.6306245592,WDI and PWT calculation,0.02799251298066263
06_HKC,"Hong Kong, China",2012,Capital stock,2406347.9651530455,WDI and PWT calculation,0.028564102017148763
06_HKC,"Hong Kong, China",2013,Capital stock,2461493.8367671315,WDI and PWT calculation,0.022916831818451833
06_HKC,"Hong Kong, China",2014,Capital stock,2512550.7622417156,WDI and PWT calculation,0.020742252006464845
06_HKC,"Hong Kong, China",2015,Capital stock,2557303.6052616085,WDI and PWT calculation,0.017811716958094026
06_HKC,"Hong Kong, China",2016,Capital stock,2600694.241291863,WDI and PWT calculation,0.01696733854399568
06_HKC,"Hong Kong, China",2017,Capital stock,2647305.5818956075,WDI and PWT calculation,0.017922653060742366
06_HKC,"Hong Kong, China",2018,Capital stock,2695385.3690513116,WDI and PWT calculation,0.01816178210951991
06_HKC,"Hong Kong, China",2019,Capital stock,2722853.4164955886,WDI and PWT calculation,0.010190768177221754
06_HKC,"Hong Kong, China",2020,Capital stock,2737029.0678967987,WDI and PWT calculation,0.0052061750057241785
06_HKC,"Hong Kong, China",2021,Capital stock,2760805.9136565565,WDI and PWT calculation,0.008687100198767173
06_HKC,"Hong Kong, China",2022,Capital stock,2776437.0460672453,WDI and PWT calculation,0.005661800539243922
06_HKC,"Hong Kong, China",2023,Capital stock,2800676.976127588,WDI and PWT calculation,0.00873058875751509
06_HKC,"Hong Kong, China",2024,Capital stock,2874317.097463457,WDI and PWT calculation,0.026293686120735238
06_HKC,"Hong Kong, China",2025,Capital stock,2974563.185048239,WDI and PWT calculation,0.03487648863559545
07_INA,Indonesia,1990,Capital stock,3682547.7048673527,WDI and PWT calculation,
07_INA,Indonesia,1991,Capital stock,3976121.807950754,WDI and PWT calculation,0.07972038018553684
07_INA,Indonesia,1992,Capital stock,4304226.252227176,WDI and PWT calculation,0.08251871047318926
07_INA,Indonesia,1993,Capital stock,4639424.79086408,WDI and PWT calculation,0.07787660754670123
07_INA,Indonesia,1994,Capital stock,5065799.512216222,WDI and PWT calculation,0.09190249666117123
07_INA,Indonesia,1995,Capital stock,5566851.545315205,WDI and PWT calculation,0.09890877676676535
07_INA,Indonesia,1996,Capital stock,6161768.017442665,WDI and PWT calculation,0.10686767327720692
07_INA,Indonesia,1997,Capital stock,6792839.961708777,WDI and PWT calculation,0.10241734879983788
07_INA,Indonesia,1998,Capital stock,7089208.179697748,WDI and PWT calculation,0.043629501012772076
07_INA,Indonesia,1999,Capital stock,7283979.422469386,WDI and PWT calculation,0.027474329690222454
07_INA,Indonesia,2000,Capital stock,7549105.264116989,WDI and PWT calculation,0.036398488555548614
07_INA,Indonesia,2001,Capital stock,7836363.612223991,WDI and PWT calculation,0.038051972791056654
07_INA,Indonesia,2002,Capital stock,8150966.917034778,WDI and PWT calculation,0.040146593545000275
07_INA,Indonesia,2003,Capital stock,8469514.33507985,WDI and PWT calculation,0.03908093619903408
07_INA,Indonesia,2004,Capital stock,8891281.335622149,WDI and PWT calculation,0.04979825098062385
07_INA,Indonesia,2005,Capital stock,9383199.169340199,WDI and PWT calculation,0.05532586532238315
07_INA,Indonesia,2006,Capital stock,9879213.428771239,WDI and PWT calculation,0.05286195576576658
07_INA,Indonesia,2007,Capital stock,10440349.108155819,WDI and PWT calculation,0.05679963120853171
07_INA,Indonesia,2008,Capital stock,11093921.993587028,WDI and PWT calculation,0.06260067346987941
07_INA,Indonesia,2009,Capital stock,11753969.548240762,WDI and PWT calculation,0.059496321953163456
07_INA,Indonesia,2010,Capital stock,12481464.918710293,WDI and PWT calculation,0.06189358986202387
07_INA,Indonesia,2011,Capital stock,13285258.390321163,WDI and PWT calculation,0.06439896893881003
07_INA,Indonesia,2012,Capital stock,14175906.77924182,WDI and PWT calculation,0.06704035124898522
07_INA,Indonesia,2013,Capital stock,15102492.108224776,WDI and PWT calculation,0.06536339039275996
07_INA,Indonesia,2014,Capital stock,16064033.88175803,WDI and PWT calculation,0.06366775540373237
07_INA,Indonesia,2015,Capital stock,17072857.84752123,WDI and PWT calculation,0.06280016421708368
07_INA,Indonesia,2016,Capital stock,18121152.027092695,WDI and PWT calculation,0.061401212903770874
07_INA,Indonesia,2017,Capital stock,19240679.846609063,WDI and PWT calculation,0.06178016816163656
07_INA,Indonesia,2018,Capital stock,20446130.615479004,WDI and PWT calculation,0.06265115258296783
07_INA,Indonesia,2019,Capital stock,21692294.356784485,WDI and PWT calculation,0.0609486344747332
07_INA,Indonesia,2020,Capital stock,22780577.284077838,WDI and PWT calculation,0.050169101958225104
07_INA,Indonesia,2021,Capital stock,23898923.649487328,WDI and PWT calculation,0.04909209944346493
07_INA,Indonesia,2022,Capital stock,25050529.203822393,WDI and PWT calculation,0.048186502924777885
07_INA,Indonesia,2023,Capital stock,26249877.913754538,WDI and PWT calculation,0.047877180564678046
07_INA,Indonesia,2024,Capital stock,27570922.64703032,WDI and PWT calculation,0.05032574770885212
07_INA,Indonesia,2025,Capital stock,28979269.926197868,WDI and PWT calculation,0.05108089044380382
08_JPN,Japan,1990,Capital stock,18826109.773046248,WDI and PWT calculation,
08_JPN,Japan,1991,Capital stock,19799147.612803236,WDI and PWT calculation,0.05168555009437514
08_JPN,Japan,1992,Capital stock,20688779.653703053,WDI and PWT calculation,0.044932845509194186
08_JPN,Japan,1993,Capital stock,21480294.753868725,WDI and PWT calculation,0.03825818213613186
08_JPN,Japan,1994,Capital stock,22212983.785230212,WDI and PWT calculation,0.034109822037219795
08_JPN,Japan,1995,Capital stock,22919737.575963575,WDI and PWT calculation,0.031817147915234045
08_JPN,Japan,1996,Capital stock,23753232.230879083,WDI and PWT calculation,0.036365802712750694
08_JPN,Japan,1997,Capital stock,24607458.106051624,WDI and PWT calculation,0.035962510990906305
08_JPN,Japan,1998,Capital stock,25132880.462887473,WDI and PWT calculation,0.021352158949998756
08_JPN,Japan,1999,Capital stock,25731395.516242493,WDI and PWT calculation,0.023814025385543003
08_JPN,Japan,2000,Capital stock,26362543.609836027,WDI and PWT calculation,0.024528327396589722
08_JPN,Japan,2001,Capital stock,26849718.492851872,WDI and PWT calculation,0.018479813261800704
08_JPN,Japan,2002,Capital stock,27263758.672423482,WDI and PWT calculation,0.015420652536146218
08_JPN,Japan,2003,Capital stock,27591785.562965263,WDI and PWT calculation,0.01203160923198654
08_JPN,Japan,2004,Capital stock,27925048.307886813,WDI and PWT calculation,0.012078331942709353
08_JPN,Japan,2005,Capital stock,28314884.513734605,WDI and PWT calculation,0.013960090652294088
08_JPN,Japan,2006,Capital stock,28725468.173692465,WDI and PWT calculation,0.014500629863374526
08_JPN,Japan,2007,Capital stock,29100324.04507834,WDI and PWT calculation,0.013049600066368239
08_JPN,Japan,2008,Capital stock,29339813.141828045,WDI and PWT calculation,0.008229774224463027
08_JPN,Japan,2009,Capital stock,29318967.712180432,WDI and PWT calculation,-0.0007104826996289226
08_JPN,Japan,2010,Capital stock,29371990.068488292,WDI and PWT calculation,0.0018084660015444953
08_JPN,Japan,2011,Capital stock,29376526.063505176,WDI and PWT calculation,0.0001544326756990344
08_JPN,Japan,2012,Capital stock,29562178.015943356,WDI and PWT calculation,0.006319738148644394
08_JPN,Japan,2013,Capital stock,29719560.306817897,WDI and PWT calculation,0.0053237718408183365
08_JPN,Japan,2014,Capital stock,30087499.89948261,WDI and PWT calculation,0.012380384799310251
08_JPN,Japan,2015,Capital stock,30368914.99325807,WDI and PWT calculation,0.00935322292365992
08_JPN,Japan,2016,Capital stock,30569161.492968872,WDI and PWT calculation,0.006593798288653252
08_JPN,Japan,2017,Capital stock,30784827.235575575,WDI and PWT calculation,0.007055010084470625
08_JPN,Japan,2018,Capital stock,31075054.054512683,WDI and PWT calculation,0.009427592908551885
08_JPN,Japan,2019,Capital stock,31331467.783237696,WDI and PWT calculation,0.008251433071530867
08_JPN,Japan,2020,Capital stock,31448572.552521843,WDI and PWT calculation,0.0037376087866141106
08_JPN,Japan,2021,Capital stock,31921148.50016923,WDI and PWT calculation,0.015026944286839816
08_JPN,Japan,2022,Capital stock,32191037.835108984,WDI and PWT calculation,0.008454875454694921
08_JPN,Japan,2023,Capital stock,32051206.959850773,WDI and PWT calculation,-0.004343782762595616
08_JPN,Japan,2024,Capital stock,31974257.064479046,WDI and PWT calculation,-0.002400842360417821
08_JPN,Japan,2025,Capital stock,32355746.045221247,WDI and PWT calculation,0.01193112884446057
09_ROK,Korea,1990,Capital stock,1992951.5711412064,WDI and PWT calculation,
09_ROK,Korea,1991,Capital stock,2273043.687238113,WDI and PWT calculation,0.14054135592292383
09_ROK,Korea,1992,Capital stock,2545790.9258735315,WDI and PWT calculation,0.11999207941613443
09_ROK,Korea,1993,Capital stock,2835712.6140414095,WDI and PWT calculation,0.11388275652227708
09_ROK,Korea,1994,Capital stock,3171013.2897665813,WDI and PWT calculation,0.11824212159754333
09_ROK,Korea,1995,Capital stock,3548909.0186800472,WDI and PWT calculation,0.11917191584563902
09_ROK,Korea,1996,Capital stock,3951843.2716764235,WDI and PWT calculation,0.11353749867226526
09_ROK,Korea,1997,Capital stock,4328723.390226386,WDI and PWT calculation,0.09536818457632923
09_ROK,Korea,1998,Capital stock,4566613.686818291,WDI and PWT calculation,0.05495622499904407
09_ROK,Korea,1999,Capital stock,4841310.624164568,WDI and PWT calculation,0.060153311881668614
09_ROK,Korea,2000,Capital stock,5176761.998358521,WDI and PWT calculation,0.06928937228683596
09_ROK,Korea,2001,Capital stock,5502023.924483717,WDI and PWT calculation,0.06283115318578147
09_ROK,Korea,2002,Capital stock,5853681.063573321,WDI and PWT calculation,0.06391414212590907
09_ROK,Korea,2003,Capital stock,6224943.654108413,WDI and PWT calculation,0.06342378180550501
09_ROK,Korea,2004,Capital stock,6603278.215745006,WDI and PWT calculation,0.060777186535157623
09_ROK,Korea,2005,Capital stock,6977870.563392949,WDI and PWT calculation,0.05672823943034189
09_ROK,Korea,2006,Capital stock,7362573.526244271,WDI and PWT calculation,0.05513185711261781
09_ROK,Korea,2007,Capital stock,7761479.298670012,WDI and PWT calculation,0.054180208999451196
09_ROK,Korea,2008,Capital stock,8135353.477958236,WDI and PWT calculation,0.048170479479638706
09_ROK,Korea,2009,Capital stock,8496284.386338389,WDI and PWT calculation,0.04436573153926893
09_ROK,Korea,2010,Capital stock,8888151.053168282,WDI and PWT calculation,0.0461221222137993
09_ROK,Korea,2011,Capital stock,9268907.709895846,WDI and PWT calculation,0.042838679771518784
09_ROK,Korea,2012,Capital stock,9622280.499993721,WDI and PWT calculation,0.03812453432032781
09_ROK,Korea,2013,Capital stock,9973154.373491084,WDI and PWT calculation,0.03646473135943107
09_ROK,Korea,2014,Capital stock,10334492.941065084,WDI and PWT calculation,0.03623112147290608
09_ROK,Korea,2015,Capital stock,10721199.539573614,WDI and PWT calculation,0.0374190200442166
09_ROK,Korea,2016,Capital stock,11151763.345913759,WDI and PWT calculation,0.04016004037149634
09_ROK,Korea,2017,Capital stock,11657303.971754856,WDI and PWT calculation,0.04533279716936778
09_ROK,Korea,2018,Capital stock,12113426.301038038,WDI and PWT calculation,0.03912760020570327
09_ROK,Korea,2019,Capital stock,12525273.884445485,WDI and PWT calculation,0.03399926438419443
09_ROK,Korea,2020,Capital stock,12944587.755713025,WDI and PWT calculation,0.033477421343118596
09_ROK,Korea,2021,Capital stock,13393221.917453574,WDI and PWT calculation,0.034658049387671364
09_ROK,Korea,2022,Capital stock,13823847.59649924,WDI and PWT calculation,0.03215250831351413
09_ROK,Korea,2023,Capital stock,14271571.286231546,WDI and PWT calculation,0.03238777674644555
09_ROK,Korea,2024,Capital stock,14557518.061019879,WDI and PWT calculation,0.020036110183901057
09_ROK,Korea,2025,Capital stock,14704114.946901638,WDI and PWT calculation,0.010070184029123519
10_MAS,Malaysia,1990,Capital stock,671570.1243963236,WDI and PWT calculation,
10_MAS,Malaysia,1991,Capital stock,744282.1676257537,WDI and PWT calculation,0.10827170624183324
10_MAS,Malaysia,1992,Capital stock,823855.8956050081,WDI and PWT calculation,0.10691338774525949
10_MAS,Malaysia,1993,Capital stock,920000.1151482499,WDI and PWT calculation,0.11670028709649172
10_MAS,Malaysia,1994,Capital stock,1032520.269333203,WDI and PWT calculation,0.12230450011065641
10_MAS,Malaysia,1995,Capital stock,1176066.508280608,WDI and PWT calculation,0.1390251050859337
10_MAS,Malaysia,1996,Capital stock,1327604.5102831372,WDI and PWT calculation,0.12885155808413873
10_MAS,Malaysia,1997,Capital stock,1490448.0502603187,WDI and PWT calculation,0.12265967667016442
10_MAS,Malaysia,1998,Capital stock,1534888.2224091247,WDI and PWT calculation,0.02981665287900781
10_MAS,Malaysia,1999,Capital stock,1570146.5122024473,WDI and PWT calculation,0.0229712426472215
10_MAS,Malaysia,2000,Capital stock,1642671.3419003508,WDI and PWT calculation,0.04618984861239017
10_MAS,Malaysia,2001,Capital stock,1710855.18047212,WDI and PWT calculation,0.04150790047441233
10_MAS,Malaysia,2002,Capital stock,1777519.5547993572,WDI and PWT calculation,0.03896552735038683
10_MAS,Malaysia,2003,Capital stock,1848073.4938997442,WDI and PWT calculation,0.03969235607557131
10_MAS,Malaysia,2004,Capital stock,1921465.236500795,WDI and PWT calculation,0.039712567083131534
10_MAS,Malaysia,2005,Capital stock,2004972.9373088523,WDI and PWT calculation,0.04346042760582769
10_MAS,Malaysia,2006,Capital stock,2092845.3810918606,WDI and PWT calculation,0.043827246816086074
10_MAS,Malaysia,2007,Capital stock,2196270.32365649,WDI and PWT calculation,0.04941833902257575
10_MAS,Malaysia,2008,Capital stock,2297785.0384427933,WDI and PWT calculation,0.046221411678183166
10_MAS,Malaysia,2009,Capital stock,2391533.567927285,WDI and PWT calculation,0.04079952124156283
10_MAS,Malaysia,2010,Capital stock,2507040.0180215957,WDI and PWT calculation,0.048298067668110845
10_MAS,Malaysia,2011,Capital stock,2630840.0715661095,WDI and PWT calculation,0.04938096426646177
10_MAS,Malaysia,2012,Capital stock,2798992.704482695,WDI and PWT calculation,0.0639159463678407
10_MAS,Malaysia,2013,Capital stock,2983718.8313283604,WDI and PWT calculation,0.06599735917489857
10_MAS,Malaysia,2014,Capital stock,3175769.30418348,WDI and PWT calculation,0.06436614296180787
10_MAS,Malaysia,2015,Capital stock,3373235.136118796,WDI and PWT calculation,0.06217889683460065
10_MAS,Malaysia,2016,Capital stock,3573161.59557528,WDI and PWT calculation,0.059268462288850854
10_MAS,Malaysia,2017,Capital stock,3787711.3420189614,WDI and PWT calculation,0.060044792463168406
10_MAS,Malaysia,2018,Capital stock,3999506.3692878033,WDI and PWT calculation,0.055916359021157325
10_MAS,Malaysia,2019,Capital stock,4195743.1722672805,WDI and PWT calculation,0.049065255774157324
10_MAS,Malaysia,2020,Capital stock,4323875.065635037,WDI and PWT calculation,0.030538545403511197
10_MAS,Malaysia,2021,Capital stock,4438642.653447697,WDI and PWT calculation,0.026542762237697692
10_MAS,Malaysia,2022,Capital stock,4580580.077040218,WDI and PWT calculation,0.03197766404607316
10_MAS,Malaysia,2023,Capital stock,4708490.915083746,WDI and PWT calculation,0.027924593805197517
10_MAS,Malaysia,2024,Capital stock,4948880.998171222,WDI and PWT calculation,0.05105459210240415
10_MAS,Malaysia,2025,Capital stock,5204801.037597061,WDI and PWT calculation,0.05171270829110863
11_MEX,Mexico,1990,Capital stock,5083782.515918749,WDI and PWT calculation,
11_MEX,Mexico,1991,Capital stock,5218000.346301075,WDI and PWT calculation,0.02640117470840897
11_MEX,Mexico,1992,Capital stock,5381022.867299638,WDI and PWT calculation,0.031242336178479935
11_MEX,Mexico,1993,Capital stock,5551868.073993026,WDI and PWT calculation,0.03174957826914504
11_MEX,Mexico,1994,Capital stock,5783464.529500326,WDI and PWT calculation,0.04171505021745414
11_MEX,Mexico,1995,Capital stock,5858791.376485691,WDI and PWT calculation,0.013024519576654736
11_MEX,Mexico,1996,Capital stock,5993588.022712981,WDI and PWT calculation,0.023007585961892563
11_MEX,Mexico,1997,Capital stock,6175989.891803654,WDI and PWT calculation,0.030432833955128746
11_MEX,Mexico,1998,Capital stock,6386652.929182353,WDI and PWT calculation,0.03411000358959093
11_MEX,Mexico,1999,Capital stock,6601433.679477827,WDI and PWT calculation,0.033629626140177615
11_MEX,Mexico,2000,Capital stock,6821271.072375413,WDI and PWT calculation,0.033301462011351424
11_MEX,Mexico,2001,Capital stock,6990018.672868822,WDI and PWT calculation,0.024738439317680605
11_MEX,Mexico,2002,Capital stock,7144310.447515632,WDI and PWT calculation,0.02207315629151041
11_MEX,Mexico,2003,Capital stock,7297250.654475344,WDI and PWT calculation,0.021407273393738935
11_MEX,Mexico,2004,Capital stock,7469824.055948958,WDI and PWT calculation,0.023649098769517485
11_MEX,Mexico,2005,Capital stock,7655241.358195499,WDI and PWT calculation,0.02482217798675923
11_MEX,Mexico,2006,Capital stock,7872557.149214702,WDI and PWT calculation,0.02838784315879872
11_MEX,Mexico,2007,Capital stock,8112147.527106091,WDI and PWT calculation,0.030433615577536877
11_MEX,Mexico,2008,Capital stock,8375198.633504166,WDI and PWT calculation,0.03242681491172483
11_MEX,Mexico,2009,Capital stock,8564887.340111332,WDI and PWT calculation,0.02264886063099869
11_MEX,Mexico,2010,Capital stock,8776414.04060584,WDI and PWT calculation,0.024696962387803945
11_MEX,Mexico,2011,Capital stock,9021684.233146686,WDI and PWT calculation,0.027946515673264116
11_MEX,Mexico,2012,Capital stock,9275956.345964279,WDI and PWT calculation,0.028184550273148368
11_MEX,Mexico,2013,Capital stock,9494778.517778177,WDI and PWT calculation,0.02359025459505326
11_MEX,Mexico,2014,Capital stock,9716801.681384077,WDI and PWT calculation,0.023383711709565436
11_MEX,Mexico,2015,Capital stock,9958723.328890782,WDI and PWT calculation,0.024897250704436047
11_MEX,Mexico,2016,Capital stock,10196783.32908542,WDI and PWT calculation,0.023904670541856854
11_MEX,Mexico,2017,Capital stock,10415471.770984968,WDI and PWT calculation,0.02144680678619082
11_MEX,Mexico,2018,Capital stock,10624822.88856821,WDI and PWT calculation,0.020100012960185154
11_MEX,Mexico,2019,Capital stock,10795779.279046776,WDI and PWT calculation,0.016090281435421128
11_MEX,Mexico,2020,Capital stock,10862925.142884431,WDI and PWT calculation,0.006219640296646123
11_MEX,Mexico,2021,Capital stock,10983474.657447621,WDI and PWT calculation,0.011097334555614902
11_MEX,Mexico,2022,Capital stock,11143448.922707414,WDI and PWT calculation,0.014564996073562098
11_MEX,Mexico,2023,Capital stock,11369045.235894712,WDI and PWT calculation,0.020244747811208663
11_MEX,Mexico,2024,Capital stock,11522592.867961263,WDI and PWT calculation,0.013505763138470517
11_MEX,Mexico,2025,Capital stock,11587313.365819482,WDI and PWT calculation,0.0056168345614444615
12_NZ,New Zealand,1990,Capital stock,303784.81424467184,WDI and PWT calculation,
12_NZ,New Zealand,1991,Capital stock,309190.3063427882,WDI and PWT calculation,0.017793819324236182
12_NZ,New Zealand,1992,Capital stock,312781.30849657016,WDI and PWT calculation,0.011614213253505756
12_NZ,New Zealand,1993,Capital stock,319635.19118783355,WDI and PWT calculation,0.0219126990810532
12_NZ,New Zealand,1994,Capital stock,327173.00974663824,WDI and PWT calculation,0.023582567772943097
12_NZ,New Zealand,1995,Capital stock,341031.59904052125,WDI and PWT calculation,0.042358595853047465
12_NZ,New Zealand,1996,Capital stock,353407.24911527603,WDI and PWT calculation,0.036288866221116045
12_NZ,New Zealand,1997,Capital stock,360931.1224258788,WDI and PWT calculation,0.02128952739208989
12_NZ,New Zealand,1998,Capital stock,369254.9388033074,WDI and PWT calculation,0.02306206325872595
12_NZ,New Zealand,1999,Capital stock,381751.1828912888,WDI and PWT calculation,0.0338417791471648
12_NZ,New Zealand,2000,Capital stock,394989.16684767115,WDI and PWT calculation,0.03467699525151735
12_NZ,New Zealand,2001,Capital stock,405894.04304673686,WDI and PWT calculation,0.02760803868646655
12_NZ,New Zealand,2002,Capital stock,418601.37628770934,WDI and PWT calculation,0.03130702078204517
12_NZ,New Zealand,2003,Capital stock,436158.9226018568,WDI and PWT calculation,0.041943355442004115
12_NZ,New Zealand,2004,Capital stock,458615.7505272198,WDI and PWT calculation,0.05148771872279778
12_NZ,New Zealand,2005,Capital stock,478755.1573844474,WDI and PWT calculation,0.04391346532271423
12_NZ,New Zealand,2006,Capital stock,498608.004316297,WDI and PWT calculation,0.04146764087161037
12_NZ,New Zealand,2007,Capital stock,514057.6020456416,WDI and PWT calculation,0.030985458708248093
12_NZ,New Zealand,2008,Capital stock,532955.5863737098,WDI and PWT calculation,0.03676238665251841
12_NZ,New Zealand,2009,Capital stock,533076.5000111656,WDI and PWT calculation,0.00022687375936603082
12_NZ,New Zealand,2010,Capital stock,547676.4956873877,WDI and PWT calculation,0.027388181013262125
12_NZ,New Zealand,2011,Capital stock,558079.2940684898,WDI and PWT calculation,0.018994421822038587
12_NZ,New Zealand,2012,Capital stock,570540.0281951741,WDI and PWT calculation,0.022327891858956894
12_NZ,New Zealand,2013,Capital stock,589991.7396506098,WDI and PWT calculation,0.03409350877092465
12_NZ,New Zealand,2014,Capital stock,609648.6417491436,WDI and PWT calculation,0.03331724967907945
12_NZ,New Zealand,2015,Capital stock,625597.4442180974,WDI and PWT calculation,0.026160646275197097
12_NZ,New Zealand,2016,Capital stock,643959.36307046,WDI and PWT calculation,0.02935101321475564
12_NZ,New Zealand,2017,Capital stock,658330.0911490239,WDI and PWT calculation,0.02231620332382911
12_NZ,New Zealand,2018,Capital stock,676655.9314858771,WDI and PWT calculation,0.027836856590996994
12_NZ,New Zealand,2019,Capital stock,697559.4297101386,WDI and PWT calculation,0.0308923593980166
12_NZ,New Zealand,2020,Capital stock,715605.8531484056,WDI and PWT calculation,0.025870804220603727
12_NZ,New Zealand,2021,Capital stock,737480.8580434255,WDI and PWT calculation,0.0305685103032316
12_NZ,New Zealand,2022,Capital stock,767192.0463303919,WDI and PWT calculation,0.04028740266668307
12_NZ,New Zealand,2023,Capital stock,798277.7540373307,WDI and PWT calculation,0.040518808628982717
12_NZ,New Zealand,2024,Capital stock,791342.9365981559,WDI and PWT calculation,-0.008687223718939485
12_NZ,New Zealand,2025,Capital stock,795005.8401357542,WDI and PWT calculation,0.004628718306812107
13_PNG,Papua New Guinea,1990,Capital stock,24661.2513448114,WDI and PWT calculation,
13_PNG,Papua New Guinea,1991,Capital stock,27015.635784805,WDI and PWT calculation,0.09546897710399227
13_PNG,Papua New Guinea,1992,Capital stock,30757.054220591,WDI and PWT calculation,0.13849085268947725
13_PNG,Papua New Guinea,1993,Capital stock,36355.5411804592,WDI and PWT calculation,0.18202285952730057
13_PNG,Papua New Guinea,1994,Capital stock,38515.827086638,WDI and PWT calculation,0.059421090596773585
13_PNG,Papua New Guinea,1995,Capital stock,37240.0100428558,WDI and PWT calculation,-0.03312448778296673
13_PNG,Papua New Guinea,1996,Capital stock,40120.0391347016,WDI and PWT calculation,0.07733695797964235
13_PNG,Papua New Guinea,1997,Capital stock,38553.5964765852,WDI and PWT calculation,-0.03904389656393714
13_PNG,Papua New Guinea,1998,Capital stock,37100.4677758356,WDI and PWT calculation,-0.0376911321783463
13_PNG,Papua New Guinea,1999,Capital stock,37788.8869874756,WDI and PWT calculation,0.018555539940884103
13_PNG,Papua New Guinea,2000,Capital stock,36846.1139663758,WDI and PWT calculation,-0.024948419926002607
13_PNG,Papua New Guinea,2001,Capital stock,36801.4238285412,WDI and PWT calculation,-0.0012128860556470666
13_PNG,Papua New Guinea,2002,Capital stock,36742.9461698956,WDI and PWT calculation,-0.0015890053308276197
13_PNG,Papua New Guinea,2003,Capital stock,37538.101187348,WDI and PWT calculation,0.021641025022209437
13_PNG,Papua New Guinea,2004,Capital stock,38559.5788904836,WDI and PWT calculation,0.02721175740982562
13_PNG,Papua New Guinea,2005,Capital stock,41006.10547989,WDI and PWT calculation,0.06344795923096025
13_PNG,Papua New Guinea,2006,Capital stock,43224.5128602786,WDI and PWT calculation,0.054099440910733154
13_PNG,Papua New Guinea,2007,Capital stock,46602.5903334602,WDI and PWT calculation,0.07815189228623787
13_PNG,Papua New Guinea,2008,Capital stock,46464.4332980332,WDI and PWT calculation,-0.0029645784588030466
13_PNG,Papua New Guinea,2009,Capital stock,49624.2106020894,WDI and PWT calculation,0.06800421483220709
13_PNG,Papua New Guinea,2010,Capital stock,54650.3759815262,WDI and PWT calculation,0.1012845407202343
13_PNG,Papua New Guinea,2011,Capital stock,55255.65273740181,WDI and PWT calculation,0.011075436261961169
13_PNG,Papua New Guinea,2012,Capital stock,57828.9745694096,WDI and PWT calculation,0.046571195968624135
13_PNG,Papua New Guinea,2013,Capital stock,60040.901808726,WDI and PWT calculation,0.03824946328006429
13_PNG,Papua New Guinea,2014,Capital stock,68172.7038288728,WDI and PWT calculation,0.1354377062165475
13_PNG,Papua New Guinea,2015,Capital stock,72657.34720178861,WDI and PWT calculation,0.06578356323042667
13_PNG,Papua New Guinea,2016,Capital stock,76645.92542730161,WDI and PWT calculation,0.054895731527820235
13_PNG,Papua New Guinea,2017,Capital stock,79355.06059863139,WDI and PWT calculation,0.035346108175044355
13_PNG,Papua New Guinea,2018,Capital stock,79133.4597786784,WDI and PWT calculation,-0.0027925228495989662
13_PNG,Papua New Guinea,2019,Capital stock,82679.0459733528,WDI and PWT calculation,0.044805145694257975
13_PNG,Papua New Guinea,2020,Capital stock,80060.2433772316,WDI and PWT calculation,-0.031674320443480064
13_PNG,Papua New Guinea,2021,Capital stock,79651.445681325,WDI and PWT calculation,-0.005106126070344441
13_PNG,Papua New Guinea,2022,Capital stock,84197.1693378396,WDI and PWT calculation,0.05707019649965228
13_PNG,Papua New Guinea,2023,Capital stock,87405.4713926728,WDI and PWT calculation,0.03810463083337101
13_PNG,Papua New Guinea,2024,Capital stock,90803.7552554588,WDI and PWT calculation,0.03887953246678433
13_PNG,Papua New Guinea,2025,Capital stock,95923.1988088378,WDI and PWT calculation,0.05637920523194695
14_PE,Peru,1990,Capital stock,512203.4263317647,WDI and PWT calculation,
14_PE,Peru,1991,Capital stock,519453.8096970533,WDI and PWT calculation,0.014155280875829845
14_PE,Peru,1992,Capital stock,529067.4707093743,WDI and PWT calculation,0.018507249023599792
14_PE,Peru,1993,Capital stock,543485.2011938873,WDI and PWT calculation,0.027251213281326292
14_PE,Peru,1994,Capital stock,571267.4442037483,WDI and PWT calculation,0.05111867434261508
14_PE,Peru,1995,Capital stock,606842.9022518658,WDI and PWT calculation,0.06227461132097911
14_PE,Peru,1996,Capital stock,639517.1171535666,WDI and PWT calculation,0.05384295470945388
14_PE,Peru,1997,Capital stock,679795.6680542855,WDI and PWT calculation,0.06298275655231111
14_PE,Peru,1998,Capital stock,717622.0373539363,WDI and PWT calculation,0.055643733958937514
14_PE,Peru,1999,Capital stock,746684.9603444828,WDI and PWT calculation,0.040498927677457
14_PE,Peru,2000,Capital stock,771763.8664181909,WDI and PWT calculation,0.033586997737490076
14_PE,Peru,2001,Capital stock,791777.2393257025,WDI and PWT calculation,0.025931990053376097
14_PE,Peru,2002,Capital stock,812129.0343816115,WDI and PWT calculation,0.025703940508874812
14_PE,Peru,2003,Capital stock,835591.4375533116,WDI and PWT calculation,0.028889994296984245
14_PE,Peru,2004,Capital stock,862915.1621862693,WDI and PWT calculation,0.03269986192410501
14_PE,Peru,2005,Capital stock,896163.3864640046,WDI and PWT calculation,0.038530119454035505
14_PE,Peru,2006,Capital stock,940338.4561307515,WDI and PWT calculation,0.04929354438485678
14_PE,Peru,2007,Capital stock,999596.174819895,WDI and PWT calculation,0.06301743622500933
14_PE,Peru,2008,Capital stock,1080222.7314206013,WDI and PWT calculation,0.08065912878791615
14_PE,Peru,2009,Capital stock,1151372.6447841122,WDI and PWT calculation,0.06586596568833691
14_PE,Peru,2010,Capital stock,1243262.3070079098,WDI and PWT calculation,0.07980879399912033
14_PE,Peru,2011,Capital stock,1342615.662225514,WDI and PWT calculation,0.07991342989936889
14_PE,Peru,2012,Capital stock,1457688.7964915438,WDI and PWT calculation,0.08570817211776394
14_PE,Peru,2013,Capital stock,1575732.478295274,WDI and PWT calculation,0.08098002954255068
14_PE,Peru,2014,Capital stock,1684753.1507186447,WDI and PWT calculation,0.06918729792338607
14_PE,Peru,2015,Capital stock,1776985.0228759425,WDI and PWT calculation,0.054745036160315674
14_PE,Peru,2016,Capital stock,1858419.084882461,WDI and PWT calculation,0.045827095309290966
14_PE,Peru,2017,Capital stock,1938998.9076310284,WDI and PWT calculation,0.04335933880794385
14_PE,Peru,2018,Capital stock,2025134.3407106644,WDI and PWT calculation,0.044422631049788386
14_PE,Peru,2019,Capital stock,2113501.4833993367,WDI and PWT calculation,0.04363520034807289
14_PE,Peru,2020,Capital stock,2171636.7924749176,WDI and PWT calculation,0.027506632728772296
14_PE,Peru,2021,Capital stock,2277273.2162223128,WDI and PWT calculation,0.04864368853642698
14_PE,Peru,2022,Capital stock,2381702.3962914664,WDI and PWT calculation,0.04585711513455881
14_PE,Peru,2023,Capital stock,2474005.2291036076,WDI and PWT calculation,0.03875498171218417
14_PE,Peru,2024,Capital stock,2560973.314626913,WDI and PWT calculation,0.03515274927483314
14_PE,Peru,2025,Capital stock,2648829.141959501,WDI and PWT calculation,0.03430563951244725
15_PHL,Philippines,1990,Capital stock,897883.7009319052,WDI and PWT calculation,
15_PHL,Philippines,1991,Capital stock,926418.2670189213,WDI and PWT calculation,0.031779801835583266
15_PHL,Philippines,1992,Capital stock,958077.424952649,WDI and PWT calculation,0.03417371943193892
15_PHL,Philippines,1993,Capital stock,995830.408664056,WDI and PWT calculation,0.039404940277423695
15_PHL,Philippines,1994,Capital stock,1037406.2323049699,WDI and PWT calculation,0.04174990367756437
15_PHL,Philippines,1995,Capital stock,1081805.6707766852,WDI and PWT calculation,0.042798507555777965
15_PHL,Philippines,1996,Capital stock,1134997.9932691373,WDI and PWT calculation,0.049169942374458486
15_PHL,Philippines,1997,Capital stock,1198108.5143977327,WDI and PWT calculation,0.05560408168372
15_PHL,Philippines,1998,Capital stock,1243134.5907061533,WDI and PWT calculation,0.03758096680504308
15_PHL,Philippines,1999,Capital stock,1279862.0163388497,WDI and PWT calculation,0.02954420696461635
15_PHL,Philippines,2000,Capital stock,1328147.4425973876,WDI and PWT calculation,0.03772705623115713
15_PHL,Philippines,2001,Capital stock,1368555.489667096,WDI and PWT calculation,0.030424368389916356
15_PHL,Philippines,2002,Capital stock,1411645.4022764834,WDI and PWT calculation,0.031485689060272604
15_PHL,Philippines,2003,Capital stock,1469262.8642433712,WDI and PWT calculation,0.04081581810415802
15_PHL,Philippines,2004,Capital stock,1530258.584183735,WDI and PWT calculation,0.04151450460280626
15_PHL,Philippines,2005,Capital stock,1587221.00282399,WDI and PWT calculation,0.03722404777140298
15_PHL,Philippines,2006,Capital stock,1648196.4500572027,WDI and PWT calculation,0.03841648209337256
15_PHL,Philippines,2007,Capital stock,1721823.0566847953,WDI and PWT calculation,0.04467101395894724
15_PHL,Philippines,2008,Capital stock,1805065.6885833517,WDI and PWT calculation,0.048345636664218095
15_PHL,Philippines,2009,Capital stock,1888545.6697140306,WDI and PWT calculation,0.046247613955919586
15_PHL,Philippines,2010,Capital stock,2002280.52887264,WDI and PWT calculation,0.060223515365573244
15_PHL,Philippines,2011,Capital stock,2100450.6188002503,WDI and PWT calculation,0.049029138780510406
15_PHL,Philippines,2012,Capital stock,2217600.4349763817,WDI and PWT calculation,0.0557736588175759
15_PHL,Philippines,2013,Capital stock,2354485.488988597,WDI and PWT calculation,0.06172665366277896
15_PHL,Philippines,2014,Capital stock,2504496.0217874013,WDI and PWT calculation,0.06371265972985185
15_PHL,Philippines,2015,Capital stock,2681883.070839026,WDI and PWT calculation,0.07082744293002619
15_PHL,Philippines,2016,Capital stock,2908762.78222214,WDI and PWT calculation,0.08459716750892299
15_PHL,Philippines,2017,Capital stock,3157679.17900534,WDI and PWT calculation,0.08557466366956246
15_PHL,Philippines,2018,Capital stock,3439812.379367979,WDI and PWT calculation,0.08934827902672171
15_PHL,Philippines,2019,Capital stock,3722783.593325348,WDI and PWT calculation,0.08226356055191641
15_PHL,Philippines,2020,Capital stock,3870915.4774705744,WDI and PWT calculation,0.03979062452376092
15_PHL,Philippines,2021,Capital stock,4047964.620491195,WDI and PWT calculation,0.04573831282317542
15_PHL,Philippines,2022,Capital stock,4254873.291272389,WDI and PWT calculation,0.051114248808846297
15_PHL,Philippines,2023,Capital stock,4485297.34856369,WDI and PWT calculation,0.054155327671906894
15_PHL,Philippines,2024,Capital stock,4741620.666245339,WDI and PWT calculation,0.05714745261286436
15_PHL,Philippines,2025,Capital stock,4950365.84971068,WDI and PWT calculation,0.04402401587106186
16_RUS,Russia,1990,Capital stock,38489958.28468333,WDI and PWT calculation,
16_RUS,Russia,1991,Capital stock,40028253.23179958,WDI and PWT calculation,0.0399661370308213
16_RUS,Russia,1992,Capital stock,40199752.579626456,WDI and PWT calculation,0.004284457451434021
16_RUS,Russia,1993,Capital stock,39923946.88185056,WDI and PWT calculation,-0.006860880480037412
16_RUS,Russia,1994,Capital stock,39413215.719803624,WDI and PWT calculation,-0.012792601982924645
16_RUS,Russia,1995,Capital stock,38840396.085460566,WDI and PWT calculation,-0.014533694444405332
16_RUS,Russia,1996,Capital stock,38118414.22068321,WDI and PWT calculation,-0.018588426935419955
16_RUS,Russia,1997,Capital stock,37490190.60874726,WDI and PWT calculation,-0.016480843308404824
16_RUS,Russia,1998,Capital stock,36831849.58614599,WDI and PWT calculation,-0.01756035410627288
16_RUS,Russia,1999,Capital stock,36236558.49864277,WDI and PWT calculation,-0.01616240004756997
16_RUS,Russia,2000,Capital stock,35774044.78938868,WDI and PWT calculation,-0.012763731668155476
16_RUS,Russia,2001,Capital stock,35448147.0170112,WDI and PWT calculation,-0.009109894458290135
16_RUS,Russia,2002,Capital stock,35144504.11746985,WDI and PWT calculation,-0.008565832775282778
16_RUS,Russia,2003,Capital stock,34993896.71297362,WDI and PWT calculation,-0.004285375716010287
16_RUS,Russia,2004,Capital stock,34972633.12343427,WDI and PWT calculation,-0.0006076370892260652
16_RUS,Russia,2005,Capital stock,35044537.858640485,WDI and PWT calculation,0.002056028636803875
16_RUS,Russia,2006,Capital stock,35288919.39184314,WDI and PWT calculation,0.006973455726208222
16_RUS,Russia,2007,Capital stock,35715764.9326742,WDI and PWT calculation,0.012095738497725828
16_RUS,Russia,2008,Capital stock,36237370.50580292,WDI and PWT calculation,0.014604351162910145
16_RUS,Russia,2009,Capital stock,36507326.55645182,WDI and PWT calculation,0.0074496589261539015
16_RUS,Russia,2010,Capital stock,36826962.424012326,WDI and PWT calculation,0.00875538960833655
16_RUS,Russia,2011,Capital stock,37338346.680144355,WDI and PWT calculation,0.013886137288330547
16_RUS,Russia,2012,Capital stock,37784219.59298952,WDI and PWT calculation,0.011941420884665765
16_RUS,Russia,2013,Capital stock,38221229.15957455,WDI and PWT calculation,0.011565928085652821
16_RUS,Russia,2014,Capital stock,38578409.3004266,WDI and PWT calculation,0.00934507206350732
16_RUS,Russia,2015,Capital stock,38750367.43427389,WDI and PWT calculation,0.004457367137876922
16_RUS,Russia,2016,Capital stock,38946251.37239417,WDI and PWT calculation,0.0050550214382489855
16_RUS,Russia,2017,Capital stock,39212286.09519133,WDI and PWT calculation,0.0068308171755326885
16_RUS,Russia,2018,Capital stock,39478915.07428151,WDI and PWT calculation,0.006799628525685053
16_RUS,Russia,2019,Capital stock,39749123.986743756,WDI and PWT calculation,0.006844385463831371
16_RUS,Russia,2020,Capital stock,39933334.249780305,WDI and PWT calculation,0.004634322585272077
16_RUS,Russia,2021,Capital stock,40154459.902751826,WDI and PWT calculation,0.0055373701476664206
16_RUS,Russia,2022,Capital stock,40423236.936507575,WDI and PWT calculation,0.006693578606378647
16_RUS,Russia,2023,Capital stock,41138440.79608148,WDI and PWT calculation,0.017692889381849097
16_RUS,Russia,2024,Capital stock,43163143.070018746,WDI and PWT calculation,0.049216796620306535
16_RUS,Russia,2025,Capital stock,43595282.34499084,WDI and PWT calculation,0.010011765692574448
17_SGP,Singapore,1990,Capital stock,512781.76288563997,WDI and PWT calculation,
17_SGP,Singapore,1991,Capital stock,550781.269054242,WDI and PWT calculation,0.07410463655096211
17_SGP,Singapore,1992,Capital stock,594193.2416852084,WDI and PWT calculation,0.07881889793658026
17_SGP,Singapore,1993,Capital stock,641993.4285053425,WDI and PWT calculation,0.08044552422805507
17_SGP,Singapore,1994,Capital stock,694682.7237099021,WDI and PWT calculation,0.08207139335869584
17_SGP,Singapore,1995,Capital stock,755041.5607349786,WDI and PWT calculation,0.08688691249256153
17_SGP,Singapore,1996,Capital stock,835564.586733302,WDI and PWT calculation,0.1066471439266734
17_SGP,Singapore,1997,Capital stock,924152.5743055079,WDI and PWT calculation,0.10602171152148387
17_SGP,Singapore,1998,Capital stock,1002226.9315432494,WDI and PWT calculation,0.0844821076177964
17_SGP,Singapore,1999,Capital stock,1070979.0649178037,WDI and PWT calculation,0.06859936727971228
17_SGP,Singapore,2000,Capital stock,1150337.7945580396,WDI and PWT calculation,0.07409923521364692
17_SGP,Singapore,2001,Capital stock,1218700.6555167097,WDI and PWT calculation,0.05942850985343395
17_SGP,Singapore,2002,Capital stock,1270386.8808035809,WDI and PWT calculation,0.04241092761614795
17_SGP,Singapore,2003,Capital stock,1314237.1063205164,WDI and PWT calculation,0.03451722162716142
17_SGP,Singapore,2004,Capital stock,1367698.2882837087,WDI and PWT calculation,0.04067849074271557
17_SGP,Singapore,2005,Capital stock,1421979.3764711604,WDI and PWT calculation,0.039687911180738444
17_SGP,Singapore,2006,Capital stock,1484676.5461494916,WDI and PWT calculation,0.044091476090126536
17_SGP,Singapore,2007,Capital stock,1562659.875363109,WDI and PWT calculation,0.05252546719072715
17_SGP,Singapore,2008,Capital stock,1652249.3307578103,WDI and PWT calculation,0.057331385291942594
17_SGP,Singapore,2009,Capital stock,1745960.8182669303,WDI and PWT calculation,0.0567175218440783
17_SGP,Singapore,2010,Capital stock,1846924.3620427179,WDI and PWT calculation,0.05782692413224111
17_SGP,Singapore,2011,Capital stock,1952816.8347692348,WDI and PWT calculation,0.05733449344368324
17_SGP,Singapore,2012,Capital stock,2070103.5255776313,WDI and PWT calculation,0.06006026203796844
17_SGP,Singapore,2013,Capital stock,2194986.0523749427,WDI and PWT calculation,0.060326706009770525
17_SGP,Singapore,2014,Capital stock,2322984.8144032788,WDI and PWT calculation,0.05831415734502876
17_SGP,Singapore,2015,Capital stock,2448229.896497319,WDI and PWT calculation,0.05391558365662963
17_SGP,Singapore,2016,Capital stock,2576242.609980968,WDI and PWT calculation,0.05228786465960433
17_SGP,Singapore,2017,Capital stock,2695172.6891587432,WDI and PWT calculation,0.04616416121564493
17_SGP,Singapore,2018,Capital stock,2785296.3962276126,WDI and PWT calculation,0.03343893600265013
17_SGP,Singapore,2019,Capital stock,2878317.006572698,WDI and PWT calculation,0.03339702391137678
17_SGP,Singapore,2020,Capital stock,2943319.614831123,WDI and PWT calculation,0.022583547298643758
17_SGP,Singapore,2021,Capital stock,3062845.299159905,WDI and PWT calculation,0.0406091420471304
17_SGP,Singapore,2022,Capital stock,3176243.4577039033,WDI and PWT calculation,0.037023795676230264
17_SGP,Singapore,2023,Capital stock,3293651.246240451,WDI and PWT calculation,0.03696435430721712
17_SGP,Singapore,2024,Capital stock,3469647.896455045,WDI and PWT calculation,0.05343512019236574
17_SGP,Singapore,2025,Capital stock,3644028.3053756533,WDI and PWT calculation,0.050258819950800726
18_CT,Chinese Taipei,1990,Capital stock,1678627.5770988532,IMF and PWT calculation,
18_CT,Chinese Taipei,1991,Capital stock,1838834.1112872332,IMF and PWT calculation,0.09543899812801993
18_CT,Chinese Taipei,1992,Capital stock,2019147.5965212856,IMF and PWT calculation,0.09805859273941153
18_CT,Chinese Taipei,1993,Capital stock,2213099.3585870736,IMF and PWT calculation,0.09605625779905358
18_CT,Chinese Taipei,1994,Capital stock,2423191.647780547,IMF and PWT calculation,0.09493125032018623
18_CT,Chinese Taipei,1995,Capital stock,2640579.5341137913,IMF and PWT calculation,0.08971138809113777
18_CT,Chinese Taipei,1996,Capital stock,2853605.0307914712,IMF and PWT calculation,0.08067376646891034
18_CT,Chinese Taipei,1997,Capital stock,3087680.9656402776,IMF and PWT calculation,0.08202814766691224
18_CT,Chinese Taipei,1998,Capital stock,3331646.5300250426,IMF and PWT calculation,0.07901255573345001
18_CT,Chinese Taipei,1999,Capital stock,3570371.9814112275,IMF and PWT calculation,0.07165389522411014
18_CT,Chinese Taipei,2000,Capital stock,3819484.9366354714,IMF and PWT calculation,0.06977226925407898
18_CT,Chinese Taipei,2001,Capital stock,3964598.5811782153,IMF and PWT calculation,0.03799298778504223
18_CT,Chinese Taipei,2002,Capital stock,4101924.9654638735,IMF and PWT calculation,0.034638156038699686
18_CT,Chinese Taipei,2003,Capital stock,4231490.967866915,IMF and PWT calculation,0.031586633956964594
18_CT,Chinese Taipei,2004,Capital stock,4398916.788499697,IMF and PWT calculation,0.03956662602004335
18_CT,Chinese Taipei,2005,Capital stock,4558373.400167247,IMF and PWT calculation,0.03624906297032604
18_CT,Chinese Taipei,2006,Capital stock,4710869.759166338,IMF and PWT calculation,0.033454117425635976
18_CT,Chinese Taipei,2007,Capital stock,4858409.0119270645,IMF and PWT calculation,0.03131889869671034
18_CT,Chinese Taipei,2008,Capital stock,4948388.424840772,IMF and PWT calculation,0.018520345383193026
18_CT,Chinese Taipei,2009,Capital stock,4997652.910094274,IMF and PWT calculation,0.009955662535745313
18_CT,Chinese Taipei,2010,Capital stock,5105274.825323542,IMF and PWT calculation,0.021534491723483207
18_CT,Chinese Taipei,2011,Capital stock,5198343.064137048,IMF and PWT calculation,0.018229819548961856
18_CT,Chinese Taipei,2012,Capital stock,5280071.9785451675,IMF and PWT calculation,0.015722108641109234
18_CT,Chinese Taipei,2013,Capital stock,5381229.5543068545,IMF and PWT calculation,0.019158370600387054
18_CT,Chinese Taipei,2014,Capital stock,5489284.608735935,IMF and PWT calculation,0.020079993491933124
18_CT,Chinese Taipei,2015,Capital stock,5597249.966549662,IMF and PWT calculation,0.019668384044417175
18_CT,Chinese Taipei,2016,Capital stock,5713026.165079326,IMF and PWT calculation,0.020684478846141774
18_CT,Chinese Taipei,2017,Capital stock,5838180.414574899,IMF and PWT calculation,0.021906822387856906
18_CT,Chinese Taipei,2018,Capital stock,5957657.814900969,IMF and PWT calculation,0.020464835246919888
18_CT,Chinese Taipei,2019,Capital stock,6109546.702486252,IMF and PWT calculation,0.0254947317057026
18_CT,Chinese Taipei,2020,Capital stock,6279716.806824096,IMF and PWT calculation,0.027853147315920035
18_CT,Chinese Taipei,2021,Capital stock,6510970.786251538,IMF and PWT calculation,0.03682554270220306
18_CT,Chinese Taipei,2022,Capital stock,6761600.563742382,IMF and PWT calculation,0.03849345753786371
18_CT,Chinese Taipei,2023,Capital stock,6919353.614647737,IMF and PWT calculation,0.023330726122934742
18_CT,Chinese Taipei,2024,Capital stock,7283871.004077123,IMF and PWT calculation,0.05268084415540364
18_CT,Chinese Taipei,2025,Capital stock,7915862.367260947,IMF and PWT calculation,0.0867658643089737
18_CT,Chinese Taipei,2026,Capital stock,8325845.570640238,IMF and PWT calculation,0.05179261391341661
18_CT,Chinese Taipei,2027,Capital stock,8573155.058806539,IMF and PWT calculation,0.029703828406137944
18_CT,Chinese Taipei,2028,Capital stock,8783111.04077773,IMF and PWT calculation,0.024489931714873237
18_CT,Chinese Taipei,2029,Capital stock,8991429.726638122,IMF and PWT calculation,0.02371809770970912
18_CT,Chinese Taipei,2030,Capital stock,9209142.428937552,IMF and PWT calculation,0.024213357488012566
18_CT,Chinese Taipei,2031,Capital stock,9405024.559731914,IMF and PWT calculation,0.02127039866153524
19_THA,Thailand,1990,Capital stock,1507076.8157390812,WDI and PWT calculation,
19_THA,Thailand,1991,Capital stock,1705080.8160951172,WDI and PWT calculation,0.13138281890358283
19_THA,Thailand,1992,Capital stock,1890478.3229618196,WDI and PWT calculation,0.10873238682685415
19_THA,Thailand,1993,Capital stock,2105204.103507258,WDI and PWT calculation,0.11358277846266263
19_THA,Thailand,1994,Capital stock,2353363.182258361,WDI and PWT calculation,0.11787886900736666
19_THA,Thailand,1995,Capital stock,2632660.078874559,WDI and PWT calculation,0.11867989553069158
19_THA,Thailand,1996,Capital stock,2923648.0921669304,WDI and PWT calculation,0.11053003599946942
19_THA,Thailand,1997,Capital stock,3103852.511773168,WDI and PWT calculation,0.06163683655671259
19_THA,Thailand,1998,Capital stock,3120931.7402570024,WDI and PWT calculation,0.005502590222651094
19_THA,Thailand,1999,Capital stock,3138887.947129813,WDI and PWT calculation,0.005753476322853501
19_THA,Thailand,2000,Capital stock,3171107.788396084,WDI and PWT calculation,0.010264731270746008
19_THA,Thailand,2001,Capital stock,3212827.4895306686,WDI and PWT calculation,0.013156191437972531
19_THA,Thailand,2002,Capital stock,3263174.1226332365,WDI and PWT calculation,0.015670506202598133
19_THA,Thailand,2003,Capital stock,3343240.988543398,WDI and PWT calculation,0.02453649817667447
19_THA,Thailand,2004,Capital stock,3457787.9179115095,WDI and PWT calculation,0.034262241268469884
19_THA,Thailand,2005,Capital stock,3609405.17067612,WDI and PWT calculation,0.04384804862647185
19_THA,Thailand,2006,Capital stock,3755018.9670629245,WDI and PWT calculation,0.040342879089832806
19_THA,Thailand,2007,Capital stock,3895189.5517383553,WDI and PWT calculation,0.03732886195913632
19_THA,Thailand,2008,Capital stock,4035295.4188368386,WDI and PWT calculation,0.035968947143010466
19_THA,Thailand,2009,Capital stock,4126345.4022192424,WDI and PWT calculation,0.02256339968503429
19_THA,Thailand,2010,Capital stock,4254177.366329637,WDI and PWT calculation,0.030979462853895745
19_THA,Thailand,2011,Capital stock,4395056.829009893,WDI and PWT calculation,0.03311555926070908
19_THA,Thailand,2012,Capital stock,4567013.529338614,WDI and PWT calculation,0.03912502318370681
19_THA,Thailand,2013,Capital stock,4716845.321165028,WDI and PWT calculation,0.032807389525757014
19_THA,Thailand,2014,Capital stock,4849893.043956406,WDI and PWT calculation,0.028206929363228772
19_THA,Thailand,2015,Capital stock,5001780.496056927,WDI and PWT calculation,0.031317691075639864
19_THA,Thailand,2016,Capital stock,5152972.246731289,WDI and PWT calculation,0.030227586115294525
19_THA,Thailand,2017,Capital stock,5303774.230274955,WDI and PWT calculation,0.029265048659892434
19_THA,Thailand,2018,Capital stock,5463249.616346681,WDI and PWT calculation,0.030068283291813103
19_THA,Thailand,2019,Capital stock,5624030.7664165385,WDI and PWT calculation,0.02942958154223496
19_THA,Thailand,2020,Capital stock,5748893.553390257,WDI and PWT calculation,0.02220165432225718
19_THA,Thailand,2021,Capital stock,5886032.310107322,WDI and PWT calculation,0.02385480883294333
19_THA,Thailand,2022,Capital stock,6039267.232684104,WDI and PWT calculation,0.026033652977685895
19_THA,Thailand,2023,Capital stock,6202749.0243687285,WDI and PWT calculation,0.027069805886361875
19_THA,Thailand,2024,Capital stock,6385643.273785466,WDI and PWT calculation,0.029485998659336543
19_THA,Thailand,2025,Capital stock,6541610.979209552,WDI and PWT calculation,0.024424744499018436
20_USA,United States of America,1990,Capital stock,39444356.5450529,WDI and PWT calculation,
20_USA,United States of America,1991,Capital stock,40256320.62847043,WDI and PWT calculation,0.020585050804165395
20_USA,United States of America,1992,Capital stock,41121708.84857276,WDI and PWT calculation,0.021496952691953286
20_USA,United States of America,1993,Capital stock,42063299.6261419,WDI and PWT calculation,0.022897656832221225
20_USA,United States of America,1994,Capital stock,43107901.05588296,WDI and PWT calculation,0.024834034396385096
20_USA,United States of America,1995,Capital stock,44219409.65085751,WDI and PWT calculation,0.02578433576558603
20_USA,United States of America,1996,Capital stock,45467285.67166785,WDI and PWT calculation,0.028220096800549266
20_USA,United States of America,1997,Capital stock,46829381.61520155,WDI and PWT calculation,0.029957714066543906
20_USA,United States of America,1998,Capital stock,48369858.19604746,WDI and PWT calculation,0.03289551404936453
20_USA,United States of America,1999,Capital stock,50052078.702736855,WDI and PWT calculation,0.03477828071918676
20_USA,United States of America,2000,Capital stock,51811177.010184,WDI and PWT calculation,0.03514535965418264
20_USA,United States of America,2001,Capital stock,53383819.31240037,WDI and PWT calculation,0.03035334059110939
20_USA,United States of America,2002,Capital stock,54764638.814595655,WDI and PWT calculation,0.02586588071030982
20_USA,United States of America,2003,Capital stock,56224215.99337812,WDI and PWT calculation,0.0266518178586701
20_USA,United States of America,2004,Capital stock,57830439.15907544,WDI and PWT calculation,0.02856817364757025
20_USA,United States of America,2005,Capital stock,59572413.83432549,WDI and PWT calculation,0.03012210698345852
20_USA,United States of America,2006,Capital stock,61284619.08566734,WDI and PWT calculation,0.02874157921657483
20_USA,United States of America,2007,Capital stock,62826223.83842112,WDI and PWT calculation,0.02515483943204133
20_USA,United States of America,2008,Capital stock,64060502.82246956,WDI and PWT calculation,0.019645920264487193
20_USA,United States of America,2009,Capital stock,64695022.952973075,WDI and PWT calculation,0.009905013269439378
20_USA,United States of America,2010,Capital stock,65357370.2755205,WDI and PWT calculation,0.01023799501592082
20_USA,United States of America,2011,Capital stock,66115035.53149386,WDI and PWT calculation,0.01159265210303495
20_USA,United States of America,2012,Capital stock,67044534.96624915,WDI and PWT calculation,0.014058820770239677
20_USA,United States of America,2013,Capital stock,68032058.01492202,WDI and PWT calculation,0.014729359360460936
20_USA,United States of America,2014,Capital stock,69148663.40998219,WDI and PWT calculation,0.016412929839859425
20_USA,United States of America,2015,Capital stock,70334080.54879743,WDI and PWT calculation,0.017143023167156546
20_USA,United States of America,2016,Capital stock,71533314.58427203,WDI and PWT calculation,0.017050539740013804
20_USA,United States of America,2017,Capital stock,72808721.29974473,WDI and PWT calculation,0.017829548691891794
20_USA,United States of America,2018,Capital stock,74191100.63672379,WDI and PWT calculation,0.018986452615861404
20_USA,United States of America,2019,Capital stock,75575060.8992765,WDI and PWT calculation,0.018653992873475023
20_USA,United States of America,2020,Capital stock,76858869.02697825,WDI and PWT calculation,0.016987192764723824
20_USA,United States of America,2021,Capital stock,78305442.15619664,WDI and PWT calculation,0.018821160752581667
20_USA,United States of America,2022,Capital stock,79648637.07234906,WDI and PWT calculation,0.017153276696568964
20_USA,United States of America,2023,Capital stock,81020790.82294713,WDI and PWT calculation,0.017227586070954093
20_USA,United States of America,2024,Capital stock,83283853.1439897,WDI and PWT calculation,0.027931871536381214
20_USA,United States of America,2025,Capital stock,85083935.31830408,WDI and PWT calculation,0.021613819562385173
21_VN,Viet Nam,1990,Capital stock,195334.62561634186,WDI and PWT calculation,
21_VN,Viet Nam,1991,Capital stock,206231.64509966993,WDI and PWT calculation,0.05578642009292811
21_VN,Viet Nam,1992,Capital stock,226271.5141605325,WDI and PWT calculation,0.0971716491481096
21_VN,Viet Nam,1993,Capital stock,255798.50364619738,WDI and PWT calculation,0.13049362220962735
21_VN,Viet Nam,1994,Capital stock,294538.6465542359,WDI and PWT calculation,0.15144788712924284
21_VN,Viet Nam,1995,Capital stock,339157.5180429839,WDI and PWT calculation,0.1514873243655377
21_VN,Viet Nam,1996,Capital stock,389892.2413613748,WDI and PWT calculation,0.14959044284538292
21_VN,Viet Nam,1997,Capital stock,444801.7875430521,WDI and PWT calculation,0.14083262080299752
21_VN,Viet Nam,1998,Capital stock,505358.538167948,WDI and PWT calculation,0.1361432267603795
21_VN,Viet Nam,1999,Capital stock,563653.7325396453,WDI and PWT calculation,0.11535412972942338
21_VN,Viet Nam,2000,Capital stock,625989.6153984672,WDI and PWT calculation,0.11059251320479357
21_VN,Viet Nam,2001,Capital stock,688211.4333417453,WDI and PWT calculation,0.09939752419642223
21_VN,Viet Nam,2002,Capital stock,756267.6819120403,WDI and PWT calculation,0.09888857591312394
21_VN,Viet Nam,2003,Capital stock,833040.6843544598,WDI and PWT calculation,0.10151564621711384
21_VN,Viet Nam,2004,Capital stock,918196.9938281362,WDI and PWT calculation,0.10222347008137533
21_VN,Viet Nam,2005,Capital stock,1012136.123075,WDI and PWT calculation,0.10230825180031777
21_VN,Viet Nam,2006,Capital stock,1066703.463048603,WDI and PWT calculation,0.05391304462864177
21_VN,Viet Nam,2007,Capital stock,1158293.9961865502,WDI and PWT calculation,0.08586316282895035
21_VN,Viet Nam,2008,Capital stock,1249388.1684643256,WDI and PWT calculation,0.07864512168558635
21_VN,Viet Nam,2009,Capital stock,1348692.4124382432,WDI and PWT calculation,0.0794822990007793
21_VN,Viet Nam,2010,Capital stock,1468198.1557026864,WDI and PWT calculation,0.0886085976033586
21_VN,Viet Nam,2011,Capital stock,1626958.1201362,WDI and PWT calculation,0.10813251863644413
21_VN,Viet Nam,2012,Capital stock,1785440.2637037495,WDI and PWT calculation,0.09741009409282286
21_VN,Viet Nam,2013,Capital stock,1953757.1432047163,WDI and PWT calculation,0.09427191876574303
21_VN,Viet Nam,2014,Capital stock,2141279.215443151,WDI and PWT calculation,0.09598023627995311
21_VN,Viet Nam,2015,Capital stock,2351488.3315465366,WDI and PWT calculation,0.09816987648660369
21_VN,Viet Nam,2016,Capital stock,2585632.7559892843,WDI and PWT calculation,0.09957286255754227
21_VN,Viet Nam,2017,Capital stock,2847862.0267883646,WDI and PWT calculation,0.1014178329044062
21_VN,Viet Nam,2018,Capital stock,3131078.900910398,WDI and PWT calculation,0.09944894501838886
21_VN,Viet Nam,2019,Capital stock,3435051.4852081956,WDI and PWT calculation,0.0970823776460612
21_VN,Viet Nam,2020,Capital stock,3744883.314212991,WDI and PWT calculation,0.09019714270338408
21_VN,Viet Nam,2021,Capital stock,4056418.2384308698,WDI and PWT calculation,0.08318948764985734
21_VN,Viet Nam,2022,Capital stock,4401726.656428868,WDI and PWT calculation,0.08512643364200345
21_VN,Viet Nam,2023,Capital stock,4740118.206276047,WDI and PWT calculation,0.0768770021993408
21_VN,Viet Nam,2024,Capital stock,5073801.290904587,WDI and PWT calculation,0.07039551971230051
21_VN,Viet Nam,2025,Capital stock,5480660.790441601,WDI and PWT calculation,0.08018829989782206
