economy_code,economy,variable,year,value,percent,source
01_AUS,Australia,Real GDP PPP 2021 USD,1990,618913.6434465031,,WDI
01_AUS,Australia,Real GDP PPP 2021 USD,1991,616533.1075007679,-0.0038463135704664975,WDI
01_AUS,Australia,Real GDP PPP 2021 USD,1992,619203.1019303941,0.004330658641268137,WDI
01_AUS,Australia,Real GDP PPP 2021 USD,1993,644255.029953675,0.04045833741010085,WDI
01_AUS,Australia,Real GDP PPP 2021 USD,1994,669888.9347595761,0.03978844341773202,WDI
01_AUS,Australia,Real GDP PPP 2021 USD,1995,695948.765791245,0.03890171889616578,WDI
01_AUS,Australia,Real GDP PPP 2021 USD,1996,722851.8817928929,0.03865674791600626,WDI
01_AUS,Australia,Real GDP PPP 2021 USD,1997,751172.915991526,0.03917958147717382,WDI
01_AUS,Australia,Real GDP PPP 2021 USD,1998,786303.874098678,0.04676813734795027,WDI
01_AUS,Australia,Real GDP PPP 2021 USD,1999,825840.965575829,0.05028220358505986,WDI
01_AUS,Australia,Real GDP PPP 2021 USD,2000,858181.3725486491,0.03916057488171498,WDI
01_AUS,Australia,Real GDP PPP 2021 USD,2001,875614.973582609,0.02031458802488939,WDI
01_AUS,Australia,Real GDP PPP 2021 USD,2002,910200.060722256,0.03949805357729419,WDI
01_AUS,Australia,Real GDP PPP 2021 USD,2003,938336.894067504,0.030912800997751066,WDI
01_AUS,Australia,Real GDP PPP 2021 USD,2004,977924.778471004,0.04218941475475235,WDI
01_AUS,Australia,Real GDP PPP 2021 USD,2005,1008783.0111351899,0.03155481213231259,WDI
01_AUS,Australia,Real GDP PPP 2021 USD,2006,1036735.6436270601,0.027709261737482116,WDI
01_AUS,Australia,Real GDP PPP 2021 USD,2007,1076022.44225027,0.03789471198825911,WDI
01_AUS,Australia,Real GDP PPP 2021 USD,2008,1115017.33453773,0.036239850356569514,WDI
01_AUS,Australia,Real GDP PPP 2021 USD,2009,1136814.23153392,0.01954848262984754,WDI
01_AUS,Australia,Real GDP PPP 2021 USD,2010,1161938.3711874299,0.022100479530072104,WDI
01_AUS,Australia,Real GDP PPP 2021 USD,2011,1189763.71538194,0.023947349433063536,WDI
01_AUS,Australia,Real GDP PPP 2021 USD,2012,1236788.78573622,0.03952471381192191,WDI
01_AUS,Australia,Real GDP PPP 2021 USD,2013,1269618.76308348,0.026544530259237087,WDI
01_AUS,Australia,Real GDP PPP 2021 USD,2014,1302643.95661756,0.026011897818738028,WDI
01_AUS,Australia,Real GDP PPP 2021 USD,2015,1330837.70251883,0.021643478064779842,WDI
01_AUS,Australia,Real GDP PPP 2021 USD,2016,1367510.80730548,0.027556406552985413,WDI
01_AUS,Australia,Real GDP PPP 2021 USD,2017,1398872.07352942,0.022933103019298073,WDI
01_AUS,Australia,Real GDP PPP 2021 USD,2018,1439078.04053065,0.02874170394994624,WDI
01_AUS,Australia,Real GDP PPP 2021 USD,2019,1470651.6579045,0.021940170362274136,WDI
01_AUS,Australia,Real GDP PPP 2021 USD,2020,1468687.86874001,-0.0013353190430478445,WDI
01_AUS,Australia,Real GDP PPP 2021 USD,2021,1498163.67705936,0.020069484433501428,WDI
01_AUS,Australia,Real GDP PPP 2021 USD,2022,1561881.26129328,0.04253045592387239,WDI
01_AUS,Australia,Real GDP PPP 2021 USD,2023,1617856.2900553702,0.03583821007990151,WDI
01_AUS,Australia,Real GDP PPP 2021 USD,2024,1640076.05346249,0.013734077336596595,WDI
01_AUS,Australia,Real GDP PPP 2021 USD,2025,1662223.60523938,0.01350397850766294,WDI
02_BD,Brunei Darussalam,Real GDP PPP 2021 USD,1990,30166.2430548788,,WDI
02_BD,Brunei Darussalam,Real GDP PPP 2021 USD,1991,31044.2786293994,0.029106560366939593,WDI
02_BD,Brunei Darussalam,Real GDP PPP 2021 USD,1992,30075.505025987997,-0.03120618826342958,WDI
02_BD,Brunei Darussalam,Real GDP PPP 2021 USD,1993,29884.9316910154,-0.006336496587768803,WDI
02_BD,Brunei Darussalam,Real GDP PPP 2021 USD,1994,30181.6098553671,0.009927349589388346,WDI
02_BD,Brunei Darussalam,Real GDP PPP 2021 USD,1995,30588.244802779802,0.013472937638559834,WDI
02_BD,Brunei Darussalam,Real GDP PPP 2021 USD,1996,30579.8894812155,-0.00027315465853539056,WDI
02_BD,Brunei Darussalam,Real GDP PPP 2021 USD,1997,32519.860848905202,0.06343944993265516,WDI
02_BD,Brunei Darussalam,Real GDP PPP 2021 USD,1998,30354.961903935397,-0.06657159312668737,WDI
02_BD,Brunei Darussalam,Real GDP PPP 2021 USD,1999,31648.3024932464,0.04260722162669972,WDI
02_BD,Brunei Darussalam,Real GDP PPP 2021 USD,2000,32747.9785519656,0.03474676276725641,WDI
02_BD,Brunei Darussalam,Real GDP PPP 2021 USD,2001,33228.0838348158,0.014660608198712177,WDI
02_BD,Brunei Darussalam,Real GDP PPP 2021 USD,2002,34544.3940735811,0.039614389000249606,WDI
02_BD,Brunei Darussalam,Real GDP PPP 2021 USD,2003,35782.267943159895,0.03583429099789881,WDI
02_BD,Brunei Darussalam,Real GDP PPP 2021 USD,2004,35819.6741437482,0.0010453837260322452,WDI
02_BD,Brunei Darussalam,Real GDP PPP 2021 USD,2005,35818.2681081303,-3.925316607444884e-05,WDI
02_BD,Brunei Darussalam,Real GDP PPP 2021 USD,2006,37286.248511735495,0.04098412573085808,WDI
02_BD,Brunei Darussalam,Real GDP PPP 2021 USD,2007,35882.934589017,-0.037636232625462895,WDI
02_BD,Brunei Darussalam,Real GDP PPP 2021 USD,2008,34483.245006225996,-0.039007110171513704,WDI
02_BD,Brunei Darussalam,Real GDP PPP 2021 USD,2009,33827.9758767617,-0.019002536720253094,WDI
02_BD,Brunei Darussalam,Real GDP PPP 2021 USD,2010,34755.3239628481,0.027413643945614963,WDI
02_BD,Brunei Darussalam,Real GDP PPP 2021 USD,2011,36056.704487345,0.03744406255248878,WDI
02_BD,Brunei Darussalam,Real GDP PPP 2021 USD,2012,36385.9509442523,0.009131351896645379,WDI
02_BD,Brunei Darussalam,Real GDP PPP 2021 USD,2013,35612.8284708911,-0.021247829266458185,WDI
02_BD,Brunei Darussalam,Real GDP PPP 2021 USD,2014,34719.698877079005,-0.025078872759070947,WDI
02_BD,Brunei Darussalam,Real GDP PPP 2021 USD,2015,34583.4644208093,-0.003923837495020455,WDI
02_BD,Brunei Darussalam,Real GDP PPP 2021 USD,2016,33726.514628313,-0.024779177183320678,WDI
02_BD,Brunei Darussalam,Real GDP PPP 2021 USD,2017,34174.6478029999,0.01328726610578057,WDI
02_BD,Brunei Darussalam,Real GDP PPP 2021 USD,2018,34192.5454221039,0.0005237104185293884,WDI
02_BD,Brunei Darussalam,Real GDP PPP 2021 USD,2019,35515.401787812894,0.03868844361770818,WDI
02_BD,Brunei Darussalam,Real GDP PPP 2021 USD,2020,35917.9949174561,0.011335733495245304,WDI
02_BD,Brunei Darussalam,Real GDP PPP 2021 USD,2021,35346.6248872816,-0.015907626009958986,WDI
02_BD,Brunei Darussalam,Real GDP PPP 2021 USD,2022,34771.064644095706,-0.016283315451512625,WDI
02_BD,Brunei Darussalam,Real GDP PPP 2021 USD,2023,35163.1585314447,0.01127644181627252,WDI
02_BD,Brunei Darussalam,Real GDP PPP 2021 USD,2024,36588.151541393796,0.04052517093067154,WDI
02_BD,Brunei Darussalam,Real GDP PPP 2021 USD,2025,36833.131954828,0.006695621481644043,WDI
03_CDA,Canada,Real GDP PPP 2021 USD,1990,1120801.4809900601,,WDI
03_CDA,Canada,Real GDP PPP 2021 USD,1991,1097364.90373259,-0.02091055164984934,WDI
03_CDA,Canada,Real GDP PPP 2021 USD,1992,1107136.56777335,0.008904662439561006,WDI
03_CDA,Canada,Real GDP PPP 2021 USD,1993,1136561.01204582,0.02657706838429852,WDI
03_CDA,Canada,Real GDP PPP 2021 USD,1994,1187638.62469298,0.04494049338822537,WDI
03_CDA,Canada,Real GDP PPP 2021 USD,1995,1219494.9912640601,0.026823282696212036,WDI
03_CDA,Canada,Real GDP PPP 2021 USD,1996,1240091.7887641299,0.01688961221457763,WDI
03_CDA,Canada,Real GDP PPP 2021 USD,1997,1293169.78584872,0.04280166804224028,WDI
03_CDA,Canada,Real GDP PPP 2021 USD,1998,1343511.41896344,0.038928865850109684,WDI
03_CDA,Canada,Real GDP PPP 2021 USD,1999,1412581.38782696,0.05141003484496598,WDI
03_CDA,Canada,Real GDP PPP 2021 USD,2000,1485167.43603027,0.05138539189941649,WDI
03_CDA,Canada,Real GDP PPP 2021 USD,2001,1513015.78286547,0.01875098130998376,WDI
03_CDA,Canada,Real GDP PPP 2021 USD,2002,1558394.9895027801,0.029992553383261678,WDI
03_CDA,Canada,Real GDP PPP 2021 USD,2003,1586545.6046963502,0.018063851195101455,WDI
03_CDA,Canada,Real GDP PPP 2021 USD,2004,1635607.36681118,0.030923638103816042,WDI
03_CDA,Canada,Real GDP PPP 2021 USD,2005,1688117.79573149,0.0321045441502783,WDI
03_CDA,Canada,Real GDP PPP 2021 USD,2006,1732649.39366773,0.026379437530272387,WDI
03_CDA,Canada,Real GDP PPP 2021 USD,2007,1768167.053194,0.020499045944364358,WDI
03_CDA,Canada,Real GDP PPP 2021 USD,2008,1785767.50069609,0.009954063712643402,WDI
03_CDA,Canada,Real GDP PPP 2021 USD,2009,1733710.83745854,-0.029150862705956126,WDI
03_CDA,Canada,Real GDP PPP 2021 USD,2010,1787296.48189574,0.03090806337448493,WDI
03_CDA,Canada,Real GDP PPP 2021 USD,2011,1843367.44765178,0.03137194434387691,WDI
03_CDA,Canada,Real GDP PPP 2021 USD,2012,1875730.7371378501,0.017556613320527603,WDI
03_CDA,Canada,Real GDP PPP 2021 USD,2013,1919356.73708622,0.023258135661271995,WDI
03_CDA,Canada,Real GDP PPP 2021 USD,2014,1974508.8148515502,0.028734667557974047,WDI
03_CDA,Canada,Real GDP PPP 2021 USD,2015,1987342.54983495,0.006499710149111104,WDI
03_CDA,Canada,Real GDP PPP 2021 USD,2016,2007982.11416769,0.010385509198932219,WDI
03_CDA,Canada,Real GDP PPP 2021 USD,2017,2068900.97670281,0.03033834918413647,WDI
03_CDA,Canada,Real GDP PPP 2021 USD,2018,2125650.17356613,0.027429634140228698,WDI
03_CDA,Canada,Real GDP PPP 2021 USD,2019,2166216.76038716,0.01908431938872268,WDI
03_CDA,Canada,Real GDP PPP 2021 USD,2020,2057077.70344368,-0.05038233427940697,WDI
03_CDA,Canada,Real GDP PPP 2021 USD,2021,2179484.68919425,0.05950528049847259,WDI
03_CDA,Canada,Real GDP PPP 2021 USD,2022,2281820.6459284,0.046954198504594036,WDI
03_CDA,Canada,Real GDP PPP 2021 USD,2023,2326386.55460181,0.01953085521990161,WDI
03_CDA,Canada,Real GDP PPP 2021 USD,2024,2373990.61295384,0.020462660540168987,WDI
03_CDA,Canada,Real GDP PPP 2021 USD,2025,2415361.79985527,0.017426853617569238,WDI
04_CHL,Chile,Real GDP PPP 2021 USD,1990,147207.604208892,,WDI
04_CHL,Chile,Real GDP PPP 2021 USD,1991,158625.32319337298,0.0775620189312971,WDI
04_CHL,Chile,Real GDP PPP 2021 USD,1992,176870.299108825,0.11501931437019297,WDI
04_CHL,Chile,Real GDP PPP 2021 USD,1993,188695.1122357,0.06685584400804001,WDI
04_CHL,Chile,Real GDP PPP 2021 USD,1994,198274.79276347198,0.05076803746673608,WDI
04_CHL,Chile,Real GDP PPP 2021 USD,1995,216625.972612204,0.09255427577535635,WDI
04_CHL,Chile,Real GDP PPP 2021 USD,1996,232038.612978128,0.07114862627075258,WDI
04_CHL,Chile,Real GDP PPP 2021 USD,1997,249190.30225156,0.07391739268433195,WDI
04_CHL,Chile,Real GDP PPP 2021 USD,1998,259608.666274193,0.04180886627006686,WDI
04_CHL,Chile,Real GDP PPP 2021 USD,1999,258898.295450835,-0.0027363139819367444,WDI
04_CHL,Chile,Real GDP PPP 2021 USD,2000,271769.73874030303,0.04971621488296862,WDI
04_CHL,Chile,Real GDP PPP 2021 USD,2001,280341.451214666,0.03154034924599869,WDI
04_CHL,Chile,Real GDP PPP 2021 USD,2002,289320.224789779,0.032027991352008955,WDI
04_CHL,Chile,Real GDP PPP 2021 USD,2003,302985.528618296,0.04723245268610676,WDI
04_CHL,Chile,Real GDP PPP 2021 USD,2004,323207.552891234,0.06674254168229221,WDI
04_CHL,Chile,Real GDP PPP 2021 USD,2005,342073.32552133,0.058370457191774694,WDI
04_CHL,Chile,Real GDP PPP 2021 USD,2006,362768.730332331,0.06049990825639662,WDI
04_CHL,Chile,Real GDP PPP 2021 USD,2007,381517.456258289,0.05168230985284317,WDI
04_CHL,Chile,Real GDP PPP 2021 USD,2008,395974.651300719,0.03789392806352332,WDI
04_CHL,Chile,Real GDP PPP 2021 USD,2009,391547.50725235796,-0.011180372364287816,WDI
04_CHL,Chile,Real GDP PPP 2021 USD,2010,414459.50096304796,0.05851651022240545,WDI
04_CHL,Chile,Real GDP PPP 2021 USD,2011,440255.03251899296,0.06223896785091387,WDI
04_CHL,Chile,Real GDP PPP 2021 USD,2012,467354.226719337,0.06155340018555022,WDI
04_CHL,Chile,Real GDP PPP 2021 USD,2013,482816.67985352,0.033085082471007166,WDI
04_CHL,Chile,Real GDP PPP 2021 USD,2014,491471.89051271003,0.017926494713927266,WDI
04_CHL,Chile,Real GDP PPP 2021 USD,2015,502048.082999281,0.021519424998116987,WDI
04_CHL,Chile,Real GDP PPP 2021 USD,2016,510849.180433227,0.017530387490710897,WDI
04_CHL,Chile,Real GDP PPP 2021 USD,2017,517784.95612122305,0.013576953734396158,WDI
04_CHL,Chile,Real GDP PPP 2021 USD,2018,538444.72850259,0.03990029477899726,WDI
04_CHL,Chile,Real GDP PPP 2021 USD,2019,541913.515453842,0.006442234026319937,WDI
04_CHL,Chile,Real GDP PPP 2021 USD,2020,508641.66792163503,-0.06139696941188566,WDI
04_CHL,Chile,Real GDP PPP 2021 USD,2021,566308.424865614,0.11337403240991173,WDI
04_CHL,Chile,Real GDP PPP 2021 USD,2022,577996.570020702,0.020639186425420952,WDI
04_CHL,Chile,Real GDP PPP 2021 USD,2023,581909.750325514,0.006770248315957739,WDI
04_CHL,Chile,Real GDP PPP 2021 USD,2024,598233.0541876999,0.028051263710661134,WDI
04_CHL,Chile,Real GDP PPP 2021 USD,2025,612945.128975802,0.024592547478137217,WDI
05_PRC,China,Real GDP PPP 2021 USD,1990,1892142.38958421,,WDI
05_PRC,China,Real GDP PPP 2021 USD,1991,2069542.70411926,0.09375632379021592,WDI
05_PRC,China,Real GDP PPP 2021 USD,1992,2365438.10981625,0.14297622615277938,WDI
05_PRC,China,Real GDP PPP 2021 USD,1993,2694851.45339764,0.13926102831199394,WDI
05_PRC,China,Real GDP PPP 2021 USD,1994,3047411.1159254303,0.1308271229879061,WDI
05_PRC,China,Real GDP PPP 2021 USD,1995,3383096.05644743,0.11015413665972007,WDI
05_PRC,China,Real GDP PPP 2021 USD,1996,3720501.96312296,0.09973287812283949,WDI
05_PRC,China,Real GDP PPP 2021 USD,1997,4066419.1529608998,0.09297594605959558,WDI
05_PRC,China,Real GDP PPP 2021 USD,1998,4388623.71871096,0.07923545351084926,WDI
05_PRC,China,Real GDP PPP 2021 USD,1999,4728357.5378696695,0.07741238277281548,WDI
05_PRC,China,Real GDP PPP 2021 USD,2000,5133746.73675723,0.0857357328926116,WDI
05_PRC,China,Real GDP PPP 2021 USD,2001,5561082.22559716,0.08324046953470465,WDI
05_PRC,China,Real GDP PPP 2021 USD,2002,6074706.48841383,0.09236048703838695,WDI
05_PRC,China,Real GDP PPP 2021 USD,2003,6689090.876282429,0.1011381190252405,WDI
05_PRC,China,Real GDP PPP 2021 USD,2004,7367393.39986069,0.10140429187220712,WDI
05_PRC,China,Real GDP PPP 2021 USD,2005,8211218.76090065,0.11453513003064497,WDI
05_PRC,China,Real GDP PPP 2021 USD,2006,9252014.07744076,0.12675284228159445,WDI
05_PRC,China,Real GDP PPP 2021 USD,2007,10561245.4071096,0.14150771050609912,WDI
05_PRC,China,Real GDP PPP 2021 USD,2008,11582388.576956,0.09668776081644581,WDI
05_PRC,China,Real GDP PPP 2021 USD,2009,12671839.645498099,0.0940610014336456,WDI
05_PRC,China,Real GDP PPP 2021 USD,2010,14014001.6672854,0.10591690388570596,WDI
05_PRC,China,Real GDP PPP 2021 USD,2011,15340013.860009901,0.09462052482981886,WDI
05_PRC,China,Real GDP PPP 2021 USD,2012,16545404.5598264,0.07857820148121575,WDI
05_PRC,China,Real GDP PPP 2021 USD,2013,17832377.1968733,0.07778429547572219,WDI
05_PRC,China,Real GDP PPP 2021 USD,2014,19162852.1715994,0.0746100735778168,WDI
05_PRC,China,Real GDP PPP 2021 USD,2015,20500730.181112602,0.06981622555623668,WDI
05_PRC,China,Real GDP PPP 2021 USD,2016,21889385.8220965,0.06773688686773083,WDI
05_PRC,China,Real GDP PPP 2021 USD,2017,23397835.751144897,0.06891239166361962,WDI
05_PRC,China,Real GDP PPP 2021 USD,2018,24979016.1327066,0.06757806142323797,WDI
05_PRC,China,Real GDP PPP 2021 USD,2019,26494587.4779798,0.060673780633367924,WDI
05_PRC,China,Real GDP PPP 2021 USD,2020,27114429.3726066,0.023395038520300115,WDI
05_PRC,China,Real GDP PPP 2021 USD,2021,29438240.1298701,0.085703841498181,WDI
05_PRC,China,Real GDP PPP 2021 USD,2022,30360791.708735,0.03133854383940604,WDI
05_PRC,China,Real GDP PPP 2021 USD,2023,32005133.2032272,0.05416003344929621,WDI
05_PRC,China,Real GDP PPP 2021 USD,2024,33592044.9351591,0.0495830378788078,WDI
05_PRC,China,Real GDP PPP 2021 USD,2025,35258193.18578079,0.04959948862410024,WDI
06_HKC,"Hong Kong, China",Real GDP PPP 2021 USD,1990,180254.935094551,,WDI
06_HKC,"Hong Kong, China",Real GDP PPP 2021 USD,1991,190532.95571677803,0.057019357704884976,WDI
06_HKC,"Hong Kong, China",Real GDP PPP 2021 USD,1992,202412.730989952,0.062350238721079476,WDI
06_HKC,"Hong Kong, China",Real GDP PPP 2021 USD,1993,214964.719118366,0.0620118510679899,WDI
06_HKC,"Hong Kong, China",Real GDP PPP 2021 USD,1994,227940.054858517,0.060360303743640875,WDI
06_HKC,"Hong Kong, China",Real GDP PPP 2021 USD,1995,233350.961434686,0.0237382875928831,WDI
06_HKC,"Hong Kong, China",Real GDP PPP 2021 USD,1996,243288.1554906,0.04258475728927036,WDI
06_HKC,"Hong Kong, China",Real GDP PPP 2021 USD,1997,255695.121426758,0.050996999468136295,WDI
06_HKC,"Hong Kong, China",Real GDP PPP 2021 USD,1998,240653.50428291,-0.05882637517648759,WDI
06_HKC,"Hong Kong, China",Real GDP PPP 2021 USD,1999,246686.00429592098,0.025067160484474993,WDI
06_HKC,"Hong Kong, China",Real GDP PPP 2021 USD,2000,265590.648051452,0.07663443983977825,WDI
06_HKC,"Hong Kong, China",Real GDP PPP 2021 USD,2001,267080.25871759,0.005608671378554808,WDI
06_HKC,"Hong Kong, China",Real GDP PPP 2021 USD,2002,271504.98183373496,0.01656701673643224,WDI
06_HKC,"Hong Kong, China",Real GDP PPP 2021 USD,2003,279803.148419369,0.030563588666360886,WDI
06_HKC,"Hong Kong, China",Real GDP PPP 2021 USD,2004,304146.20576621004,0.08700065558360204,WDI
06_HKC,"Hong Kong, China",Real GDP PPP 2021 USD,2005,326616.995685976,0.07388153951536958,WDI
06_HKC,"Hong Kong, China",Real GDP PPP 2021 USD,2006,349586.81819996994,0.07032647662976532,WDI
06_HKC,"Hong Kong, China",Real GDP PPP 2021 USD,2007,372187.005025284,0.06464828090968333,WDI
06_HKC,"Hong Kong, China",Real GDP PPP 2021 USD,2008,380106.909461868,0.021279368515421337,WDI
06_HKC,"Hong Kong, China",Real GDP PPP 2021 USD,2009,370759.73274257395,-0.024590915046840967,WDI
06_HKC,"Hong Kong, China",Real GDP PPP 2021 USD,2010,395851.66450756404,0.06767706832503273,WDI
06_HKC,"Hong Kong, China",Real GDP PPP 2021 USD,2011,414910.607969333,0.04814668010927314,WDI
06_HKC,"Hong Kong, China",Real GDP PPP 2021 USD,2012,421965.42491787905,0.017003221448287142,WDI
06_HKC,"Hong Kong, China",Real GDP PPP 2021 USD,2013,435052.904642839,0.031015526278028505,WDI
06_HKC,"Hong Kong, China",Real GDP PPP 2021 USD,2014,447070.86604533397,0.027624137832986673,WDI
06_HKC,"Hong Kong, China",Real GDP PPP 2021 USD,2015,457746.029371383,0.02387801160133418,WDI
06_HKC,"Hong Kong, China",Real GDP PPP 2021 USD,2016,467704.05714290804,0.021754482032755762,WDI
06_HKC,"Hong Kong, China",Real GDP PPP 2021 USD,2017,485458.61469138705,0.03796109372438927,WDI
06_HKC,"Hong Kong, China",Real GDP PPP 2021 USD,2018,499279.180784386,0.02846909226605221,WDI
06_HKC,"Hong Kong, China",Real GDP PPP 2021 USD,2019,490929.09267312905,-0.016724286596806692,WDI
06_HKC,"Hong Kong, China",Real GDP PPP 2021 USD,2020,458798.783063318,-0.06544796405293518,WDI
06_HKC,"Hong Kong, China",Real GDP PPP 2021 USD,2021,488411.63111574703,0.06454430383339149,WDI
06_HKC,"Hong Kong, China",Real GDP PPP 2021 USD,2022,470412.277408847,-0.036852835928132155,WDI
06_HKC,"Hong Kong, China",Real GDP PPP 2021 USD,2023,485231.885270722,0.0315034461759911,WDI
06_HKC,"Hong Kong, China",Real GDP PPP 2021 USD,2024,497990.420157803,0.026293686120735238,WDI
06_HKC,"Hong Kong, China",Real GDP PPP 2021 USD,2025,515358.57738707203,0.03487648863559545,WDI
07_INA,Indonesia,Real GDP PPP 2021 USD,1990,894210.723157611,,WDI
07_INA,Indonesia,Real GDP PPP 2021 USD,1991,956018.4148591601,0.06911982835913166,WDI
07_INA,Indonesia,Real GDP PPP 2021 USD,1992,1018135.7736667,0.0649750651682699,WDI
07_INA,Indonesia,Real GDP PPP 2021 USD,1993,1084278.02874442,0.06496408120452957,WDI
07_INA,Indonesia,Real GDP PPP 2021 USD,1994,1166032.27870676,0.07539971095514142,WDI
07_INA,Indonesia,Real GDP PPP 2021 USD,1995,1261880.2182916,0.08220007399035678,WDI
07_INA,Indonesia,Real GDP PPP 2021 USD,1996,1360536.3744416102,0.07818187076708139,WDI
07_INA,Indonesia,Real GDP PPP 2021 USD,1997,1424479.93580367,0.0469987885390446,WDI
07_INA,Indonesia,Real GDP PPP 2021 USD,1998,1237492.3649366598,-0.13126725492382219,WDI
07_INA,Indonesia,Real GDP PPP 2021 USD,1999,1247282.4897984199,0.00791126081998983,WDI
07_INA,Indonesia,Real GDP PPP 2021 USD,2000,1308649.63329318,0.0492006774701681,WDI
07_INA,Indonesia,Real GDP PPP 2021 USD,2001,1356329.84359382,0.03643466447215071,WDI
07_INA,Indonesia,Real GDP PPP 2021 USD,2002,1417357.57112518,0.0449947539085751,WDI
07_INA,Indonesia,Real GDP PPP 2021 USD,2003,1485112.49479899,0.04780369121676342,WDI
07_INA,Indonesia,Real GDP PPP 2021 USD,2004,1559826.63235402,0.05030873945016712,WDI
07_INA,Indonesia,Real GDP PPP 2021 USD,2005,1648620.87561696,0.05692571303833671,WDI
07_INA,Indonesia,Real GDP PPP 2021 USD,2006,1739310.71510545,0.05500951785203578,WDI
07_INA,Indonesia,Real GDP PPP 2021 USD,2007,1849670.36656978,0.06345022226672081,WDI
07_INA,Indonesia,Real GDP PPP 2021 USD,2008,1960904.05999401,0.06013703600091369,WDI
07_INA,Indonesia,Real GDP PPP 2021 USD,2009,2051671.78294475,0.04628871182561434,WDI
07_INA,Indonesia,Real GDP PPP 2021 USD,2010,2179364.84298024,0.06223854180624011,WDI
07_INA,Indonesia,Real GDP PPP 2021 USD,2011,2313826.95089082,0.061697842077100606,WDI
07_INA,Indonesia,Real GDP PPP 2021 USD,2012,2453351.8880536,0.06030050653056107,WDI
07_INA,Indonesia,Real GDP PPP 2021 USD,2013,2589691.1216895897,0.055572636889099636,WDI
07_INA,Indonesia,Real GDP PPP 2021 USD,2014,2719348.3694038,0.05006668425754879,WDI
07_INA,Indonesia,Real GDP PPP 2021 USD,2015,2851952.56036174,0.048763223002212364,WDI
07_INA,Indonesia,Real GDP PPP 2021 USD,2016,2995493.30578544,0.05033069182802019,WDI
07_INA,Indonesia,Real GDP PPP 2021 USD,2017,3147358.40307801,0.05069785901349211,WDI
07_INA,Indonesia,Real GDP PPP 2021 USD,2018,3310211.9026478,0.05174291539550269,WDI
07_INA,Indonesia,Real GDP PPP 2021 USD,2019,3476360.9608746096,0.050192876804626696,WDI
07_INA,Indonesia,Real GDP PPP 2021 USD,2020,3404556.31399713,-0.020655118293416375,WDI
07_INA,Indonesia,Real GDP PPP 2021 USD,2021,3530623.14045475,0.037028856282776745,WDI
07_INA,Indonesia,Real GDP PPP 2021 USD,2022,3718000.27384835,0.053071972266478085,WDI
07_INA,Indonesia,Real GDP PPP 2021 USD,2023,3905715.83089317,0.05048831178555102,WDI
07_INA,Indonesia,Real GDP PPP 2021 USD,2024,4102273.90042117,0.05032574770885234,WDI
07_INA,Indonesia,Real GDP PPP 2021 USD,2025,4311821.70409906,0.05108089044380382,WDI
08_JPN,Japan,Real GDP PPP 2021 USD,1990,4462228.73338141,,WDI
08_JPN,Japan,Real GDP PPP 2021 USD,1991,4614725.25585021,0.034174967618309404,WDI
08_JPN,Japan,Real GDP PPP 2021 USD,1992,4653861.33700187,0.00848069581218236,WDI
08_JPN,Japan,Real GDP PPP 2021 USD,1993,4629758.06548019,-0.005179198471179203,WDI
08_JPN,Japan,Real GDP PPP 2021 USD,1994,4675734.635527231,0.009930663632262915,WDI
08_JPN,Japan,Real GDP PPP 2021 USD,1995,4785242.93394575,0.023420554619685063,WDI
08_JPN,Japan,Real GDP PPP 2021 USD,1996,4932411.51627922,0.03075467314093494,WDI
08_JPN,Japan,Real GDP PPP 2021 USD,1997,4999638.8594869,0.0136297109407435,WDI
08_JPN,Japan,Real GDP PPP 2021 USD,1998,4911013.2156924,-0.01772640910379586,WDI
08_JPN,Japan,Real GDP PPP 2021 USD,1999,4893942.5141756395,-0.003476003986756515,WDI
08_JPN,Japan,Real GDP PPP 2021 USD,2000,5039700.11994319,0.02978326887685223,WDI
08_JPN,Japan,Real GDP PPP 2021 USD,2001,5054043.5377003895,0.0028460855637895133,WDI
08_JPN,Japan,Real GDP PPP 2021 USD,2002,5058338.908909099,0.0008498880503637896,WDI
08_JPN,Japan,Real GDP PPP 2021 USD,2003,5128149.51756588,0.01380109358307835,WDI
08_JPN,Japan,Real GDP PPP 2021 USD,2004,5236504.66239988,0.021129482372314268,WDI
08_JPN,Japan,Real GDP PPP 2021 USD,2005,5333290.0008114595,0.01848281337483293,WDI
08_JPN,Japan,Real GDP PPP 2021 USD,2006,5415759.11373235,0.015463084307874242,WDI
08_JPN,Japan,Real GDP PPP 2021 USD,2007,5509363.96391238,0.017283791286559103,WDI
08_JPN,Japan,Real GDP PPP 2021 USD,2008,5445090.50669521,-0.011666220935515614,WDI
08_JPN,Japan,Real GDP PPP 2021 USD,2009,5121873.13928537,-0.05935941138396439,WDI
08_JPN,Japan,Real GDP PPP 2021 USD,2010,5333737.1625475,0.04136455892222468,WDI
08_JPN,Japan,Real GDP PPP 2021 USD,2011,5323050.60126636,-0.002003578533299133,WDI
08_JPN,Japan,Real GDP PPP 2021 USD,2012,5410824.220670019,0.016489345298122515,WDI
08_JPN,Japan,Real GDP PPP 2021 USD,2013,5518893.343125059,0.019972765339927756,WDI
08_JPN,Japan,Real GDP PPP 2021 USD,2014,5568889.85257988,0.009059154860657337,WDI
08_JPN,Japan,Real GDP PPP 2021 USD,2015,5669128.60900908,0.017999773578348366,WDI
08_JPN,Japan,Real GDP PPP 2021 USD,2016,5709095.20009308,0.00704986495111215,WDI
08_JPN,Japan,Real GDP PPP 2021 USD,2017,5801779.54165551,0.01623450622454481,WDI
08_JPN,Japan,Real GDP PPP 2021 USD,2018,5850174.72865872,0.008341438459655848,WDI
08_JPN,Japan,Real GDP PPP 2021 USD,2019,5832127.1197393,-0.0030849692114337524,WDI
08_JPN,Japan,Real GDP PPP 2021 USD,2020,5582320.81867727,-0.04283279426755637,WDI
08_JPN,Japan,Real GDP PPP 2021 USD,2021,5781285.63575058,0.03564195314744634,WDI
08_JPN,Japan,Real GDP PPP 2021 USD,2022,5858271.98176486,0.013316475065374478,WDI
08_JPN,Japan,Real GDP PPP 2021 USD,2023,5900497.5453217,0.0072078530474986025,WDI
08_JPN,Japan,Real GDP PPP 2021 USD,2024,5886331.38086735,-0.002400842360417932,WDI
08_JPN,Japan,Real GDP PPP 2021 USD,2025,5956561.95899367,0.01193112884446057,WDI
09_ROK,Korea,Real GDP PPP 2021 USD,1990,616369.574721637,,WDI
09_ROK,Korea,Real GDP PPP 2021 USD,1991,683399.6052713271,0.10874973927770859,WDI
09_ROK,Korea,Real GDP PPP 2021 USD,1992,726806.359900876,0.06351591996064343,WDI
09_ROK,Korea,Real GDP PPP 2021 USD,1993,777644.414581851,0.06994717917425564,WDI
09_ROK,Korea,Real GDP PPP 2021 USD,1994,850523.972035444,0.09371835775710058,WDI
09_ROK,Korea,Real GDP PPP 2021 USD,1995,933330.0822756949,0.09735893750540892,WDI
09_ROK,Korea,Real GDP PPP 2021 USD,1996,1007907.1675380501,0.07990429825267964,WDI
09_ROK,Korea,Real GDP PPP 2021 USD,1997,1071225.83757418,0.06282192653793128,WDI
09_ROK,Korea,Real GDP PPP 2021 USD,1998,1018318.74603203,-0.049389297463137694,WDI
09_ROK,Korea,Real GDP PPP 2021 USD,1999,1136619.5124883999,0.11617262955959462,WDI
09_ROK,Korea,Real GDP PPP 2021 USD,2000,1241209.6304385,0.09201858388047657,WDI
09_ROK,Korea,Real GDP PPP 2021 USD,2001,1299868.39827403,0.04725935603223341,WDI
09_ROK,Korea,Real GDP PPP 2021 USD,2002,1400530.19342929,0.07743998953195508,WDI
09_ROK,Korea,Real GDP PPP 2021 USD,2003,1443592.66808356,0.030747266182693744,WDI
09_ROK,Korea,Real GDP PPP 2021 USD,2004,1518423.26973075,0.051836368597335314,WDI
09_ROK,Korea,Real GDP PPP 2021 USD,2005,1584599.7495291599,0.04358236673371341,WDI
09_ROK,Korea,Real GDP PPP 2021 USD,2006,1667712.09363692,0.05245005505803957,WDI
09_ROK,Korea,Real GDP PPP 2021 USD,2007,1765139.223629,0.0584196339187133,WDI
09_ROK,Korea,Real GDP PPP 2021 USD,2008,1818171.14619144,0.03004404516795578,WDI
09_ROK,Korea,Real GDP PPP 2021 USD,2009,1833077.63608529,0.008198617564179722,WDI
09_ROK,Korea,Real GDP PPP 2021 USD,2010,1961056.90962565,0.06981661388530802,WDI
09_ROK,Korea,Real GDP PPP 2021 USD,2011,2033381.31717328,0.036880320602952876,WDI
09_ROK,Korea,Real GDP PPP 2021 USD,2012,2085185.0715899,0.025476655056826836,WDI
09_ROK,Korea,Real GDP PPP 2021 USD,2013,2153816.76867679,0.032913959543437565,WDI
09_ROK,Korea,Real GDP PPP 2021 USD,2014,2223055.0898154704,0.0321468019683111,WDI
09_ROK,Korea,Real GDP PPP 2021 USD,2015,2287974.80472038,0.02920292673012348,WDI
09_ROK,Korea,Real GDP PPP 2021 USD,2016,2360538.55461269,0.03171527489839576,WDI
09_ROK,Korea,Real GDP PPP 2021 USD,2017,2441580.36985504,0.03433191763972143,WDI
09_ROK,Korea,Real GDP PPP 2021 USD,2018,2519127.7868651003,0.03176115681773117,WDI
09_ROK,Korea,Real GDP PPP 2021 USD,2019,2577415.41864928,0.023138021059548874,WDI
09_ROK,Korea,Real GDP PPP 2021 USD,2020,2559367.26518904,-0.007002423175422101,WDI
09_ROK,Korea,Real GDP PPP 2021 USD,2021,2677430.05697127,0.04612967954542846,WDI
09_ROK,Korea,Real GDP PPP 2021 USD,2022,2750458.69051383,0.027275645670897797,WDI
09_ROK,Korea,Real GDP PPP 2021 USD,2023,2793998.85518797,0.01583014674036276,WDI
09_ROK,Korea,Real GDP PPP 2021 USD,2024,2849979.72410421,0.020036110183901057,WDI
09_ROK,Korea,Real GDP PPP 2021 USD,2025,2878679.54440521,0.010070184029123519,WDI
10_MAS,Malaysia,Real GDP PPP 2021 USD,1990,214242.31202141198,,WDI
10_MAS,Malaysia,Real GDP PPP 2021 USD,1991,234692.742103338,0.0954546741443032,WDI
10_MAS,Malaysia,Real GDP PPP 2021 USD,1992,255545.469125778,0.08885117978321766,WDI
10_MAS,Malaysia,Real GDP PPP 2021 USD,1993,280831.54848779197,0.0989494333377059,WDI
10_MAS,Malaysia,Real GDP PPP 2021 USD,1994,306701.868103396,0.09212041793348802,WDI
10_MAS,Malaysia,Real GDP PPP 2021 USD,1995,336847.856021014,0.09829085197308007,WDI
10_MAS,Malaysia,Real GDP PPP 2021 USD,1996,370541.738826626,0.10002700686184585,WDI
10_MAS,Malaysia,Real GDP PPP 2021 USD,1997,397675.553808732,0.07322741850359193,WDI
10_MAS,Malaysia,Real GDP PPP 2021 USD,1998,368408.958702071,-0.07359415188175544,WDI
10_MAS,Malaysia,Real GDP PPP 2021 USD,1999,391020.47119941,0.06137612010576743,WDI
10_MAS,Malaysia,Real GDP PPP 2021 USD,2000,425660.459259482,0.0885886816969399,WDI
10_MAS,Malaysia,Real GDP PPP 2021 USD,2001,427863.99840063095,0.005176753191927785,WDI
10_MAS,Malaysia,Real GDP PPP 2021 USD,2002,450930.09652396396,0.05390988306928102,WDI
10_MAS,Malaysia,Real GDP PPP 2021 USD,2003,477032.181941105,0.05788499285887405,WDI
10_MAS,Malaysia,Real GDP PPP 2021 USD,2004,509391.362925102,0.06783437723703112,WDI
10_MAS,Malaysia,Real GDP PPP 2021 USD,2005,536552.8192724959,0.05332139161414795,WDI
10_MAS,Malaysia,Real GDP PPP 2021 USD,2006,566518.473663355,0.05584847067151566,WDI
10_MAS,Malaysia,Real GDP PPP 2021 USD,2007,602202.2595586369,0.062987859274094,WDI
10_MAS,Malaysia,Real GDP PPP 2021 USD,2008,631299.287007657,0.04831769889130899,WDI
10_MAS,Malaysia,Real GDP PPP 2021 USD,2009,621744.391014975,-0.015135287159869781,WDI
10_MAS,Malaysia,Real GDP PPP 2021 USD,2010,667907.9631618221,0.07424847383260946,WDI
10_MAS,Malaysia,Real GDP PPP 2021 USD,2011,703266.4285438891,0.052939128341400465,WDI
10_MAS,Malaysia,Real GDP PPP 2021 USD,2012,741759.39436174,0.054734541925384406,WDI
10_MAS,Malaysia,Real GDP PPP 2021 USD,2013,776575.522140495,0.04693722525578958,WDI
10_MAS,Malaysia,Real GDP PPP 2021 USD,2014,823222.254452927,0.060067219455821164,WDI
10_MAS,Malaysia,Real GDP PPP 2021 USD,2015,865136.882439813,0.05091532421550049,WDI
10_MAS,Malaysia,Real GDP PPP 2021 USD,2016,903633.58249853,0.04449781397615449,WDI
10_MAS,Malaysia,Real GDP PPP 2021 USD,2017,956159.2942512011,0.058127224098332375,WDI
10_MAS,Malaysia,Real GDP PPP 2021 USD,2018,1002466.92050423,0.048430869763488316,WDI
10_MAS,Malaysia,Real GDP PPP 2021 USD,2019,1046707.6645425699,0.04413187421295395,WDI
10_MAS,Malaysia,Real GDP PPP 2021 USD,2020,989590.433102722,-0.05456846584266595,WDI
10_MAS,Malaysia,Real GDP PPP 2021 USD,2021,1022398.81501398,0.03315349543991841,WDI
10_MAS,Malaysia,Real GDP PPP 2021 USD,2022,1114739.18943322,0.09031737230444414,WDI
10_MAS,Malaysia,Real GDP PPP 2021 USD,2023,1154168.22581284,0.03537063804105367,WDI
10_MAS,Malaysia,Real GDP PPP 2021 USD,2024,1213093.81379927,0.05105459210240415,WDI
10_MAS,Malaysia,Real GDP PPP 2021 USD,2025,1275826.18032202,0.05171270829110863,WDI
11_MEX,Mexico,Real GDP PPP 2021 USD,1990,1421988.5768015601,,WDI
11_MEX,Mexico,Real GDP PPP 2021 USD,1991,1478525.49131908,0.03975904971380784,WDI
11_MEX,Mexico,Real GDP PPP 2021 USD,1992,1531288.35225559,0.03568613544122057,WDI
11_MEX,Mexico,Real GDP PPP 2021 USD,1993,1575190.38096328,0.02866999454611041,WDI
11_MEX,Mexico,Real GDP PPP 2021 USD,1994,1644406.26077664,0.043941278876418854,WDI
11_MEX,Mexico,Real GDP PPP 2021 USD,1995,1547216.92373578,-0.05910299623583182,WDI
11_MEX,Mexico,Real GDP PPP 2021 USD,1996,1643427.46974326,0.062182971586930424,WDI
11_MEX,Mexico,Real GDP PPP 2021 USD,1997,1761735.77795195,0.07198876152847333,WDI
11_MEX,Mexico,Real GDP PPP 2021 USD,1998,1870700.52637093,0.06185078930828869,WDI
11_MEX,Mexico,Real GDP PPP 2021 USD,1999,1922238.89443456,0.027550303930053532,WDI
11_MEX,Mexico,Real GDP PPP 2021 USD,2000,2018913.74747463,0.050292839937830625,WDI
11_MEX,Mexico,Real GDP PPP 2021 USD,2001,2009811.57067761,-0.004508452532162588,WDI
11_MEX,Mexico,Real GDP PPP 2021 USD,2002,2005056.59764014,-0.002365880019223443,WDI
11_MEX,Mexico,Real GDP PPP 2021 USD,2003,2028827.44321582,0.011855448670953894,WDI
11_MEX,Mexico,Real GDP PPP 2021 USD,2004,2101164.08922763,0.03565441026228999,WDI
11_MEX,Mexico,Real GDP PPP 2021 USD,2005,2145566.87871904,0.021132471147330634,WDI
11_MEX,Mexico,Real GDP PPP 2021 USD,2006,2248661.65725023,0.04805013516648815,WDI
11_MEX,Mexico,Real GDP PPP 2021 USD,2007,2295385.7869483302,0.020778639395326648,WDI
11_MEX,Mexico,Real GDP PPP 2021 USD,2008,2317038.89268293,0.009433318729130447,WDI
11_MEX,Mexico,Real GDP PPP 2021 USD,2009,2171175.48865433,-0.06295250566972699,WDI
11_MEX,Mexico,Real GDP PPP 2021 USD,2010,2279111.8865841897,0.04971334583219589,WDI
11_MEX,Mexico,Real GDP PPP 2021 USD,2011,2357605.5267657596,0.0344404505297069,WDI
11_MEX,Mexico,Real GDP PPP 2021 USD,2012,2441376.22002366,0.0355321076010624,WDI
11_MEX,Mexico,Real GDP PPP 2021 USD,2013,2462179.22463983,0.008521015501645524,WDI
11_MEX,Mexico,Real GDP PPP 2021 USD,2014,2523826.36956388,0.02503763507835921,WDI
11_MEX,Mexico,Real GDP PPP 2021 USD,2015,2592028.32088719,0.02702323430240372,WDI
11_MEX,Mexico,Real GDP PPP 2021 USD,2016,2637971.8472756897,0.017724932254125303,WDI
11_MEX,Mexico,Real GDP PPP 2021 USD,2017,2687347.5193893597,0.01871728546483986,WDI
11_MEX,Mexico,Real GDP PPP 2021 USD,2018,2740344.2190799303,0.01972082111010809,WDI
11_MEX,Mexico,Real GDP PPP 2021 USD,2019,2729583.1473000897,-0.003926905132908276,WDI
11_MEX,Mexico,Real GDP PPP 2021 USD,2020,2501552.82690837,-0.08354034593790305,WDI
11_MEX,Mexico,Real GDP PPP 2021 USD,2021,2652858.83618066,0.060484834717356994,WDI
11_MEX,Mexico,Real GDP PPP 2021 USD,2022,2751273.45476027,0.03709757083090737,WDI
11_MEX,Mexico,Real GDP PPP 2021 USD,2023,2836749.91976859,0.031067964131456183,WDI
11_MEX,Mexico,Real GDP PPP 2021 USD,2024,2875062.3922680602,0.013505763138470739,WDI
11_MEX,Mexico,Real GDP PPP 2021 USD,2025,2891211.1420792597,0.005616834561444239,WDI
12_NZ,New Zealand,Real GDP PPP 2021 USD,1990,102510.229695661,,WDI
12_NZ,New Zealand,Real GDP PPP 2021 USD,1991,101407.355462347,-0.010758674881407249,WDI
12_NZ,New Zealand,Real GDP PPP 2021 USD,1992,102523.77169858,0.011009223454678585,WDI
12_NZ,New Zealand,Real GDP PPP 2021 USD,1993,109068.510913184,0.06383630943509888,WDI
12_NZ,New Zealand,Real GDP PPP 2021 USD,1994,114643.73715632899,0.05111673567802488,WDI
12_NZ,New Zealand,Real GDP PPP 2021 USD,1995,120074.136760879,0.047367608028557884,WDI
12_NZ,New Zealand,Real GDP PPP 2021 USD,1996,124385.80633759199,0.03590839537159818,WDI
12_NZ,New Zealand,Real GDP PPP 2021 USD,1997,126967.453431224,0.02075515824229357,WDI
12_NZ,New Zealand,Real GDP PPP 2021 USD,1998,128053.264612275,0.008551885949568794,WDI
12_NZ,New Zealand,Real GDP PPP 2021 USD,1999,134946.567709899,0.05383152954745696,WDI
12_NZ,New Zealand,Real GDP PPP 2021 USD,2000,138817.90252797698,0.028687908731405143,WDI
12_NZ,New Zealand,Real GDP PPP 2021 USD,2001,143559.33157128398,0.034155746175111856,WDI
12_NZ,New Zealand,Real GDP PPP 2021 USD,2002,150328.36355776998,0.047151459347140046,WDI
12_NZ,New Zealand,Real GDP PPP 2021 USD,2003,157432.693879236,0.04725874847121503,WDI
12_NZ,New Zealand,Real GDP PPP 2021 USD,2004,163872.534540447,0.04090535772798809,WDI
12_NZ,New Zealand,Real GDP PPP 2021 USD,2005,169367.105965762,0.033529544415259016,WDI
12_NZ,New Zealand,Real GDP PPP 2021 USD,2006,174066.09954241198,0.0277444285881574,WDI
12_NZ,New Zealand,Real GDP PPP 2021 USD,2007,179397.95691271202,0.0306312221869538,WDI
12_NZ,New Zealand,Real GDP PPP 2021 USD,2008,177558.031114279,-0.010256113447982274,WDI
12_NZ,New Zealand,Real GDP PPP 2021 USD,2009,177486.546454779,-0.00040259885205640167,WDI
12_NZ,New Zealand,Real GDP PPP 2021 USD,2010,180098.837893045,0.014718250427683044,WDI
12_NZ,New Zealand,Real GDP PPP 2021 USD,2011,183961.05827238,0.021445004445995508,WDI
12_NZ,New Zealand,Real GDP PPP 2021 USD,2012,188196.87991725,0.023025642952098302,WDI
12_NZ,New Zealand,Real GDP PPP 2021 USD,2013,193023.821383485,0.02564836073986676,WDI
12_NZ,New Zealand,Real GDP PPP 2021 USD,2014,200396.050054836,0.03819336193072487,WDI
12_NZ,New Zealand,Real GDP PPP 2021 USD,2015,207870.187709383,0.03729683121250038,WDI
12_NZ,New Zealand,Real GDP PPP 2021 USD,2016,215651.859628357,0.03743524747210647,WDI
12_NZ,New Zealand,Real GDP PPP 2021 USD,2017,222802.198613642,0.033156862164822165,WDI
12_NZ,New Zealand,Real GDP PPP 2021 USD,2018,230204.12582534,0.03322196664914223,WDI
12_NZ,New Zealand,Real GDP PPP 2021 USD,2019,235553.418426175,0.023237170844164767,WDI
12_NZ,New Zealand,Real GDP PPP 2021 USD,2020,234985.93228232002,-0.002409161147592598,WDI
12_NZ,New Zealand,Real GDP PPP 2021 USD,2021,245088.35361121202,0.04299160052166284,WDI
12_NZ,New Zealand,Real GDP PPP 2021 USD,2022,253287.094503461,0.03345218477926859,WDI
12_NZ,New Zealand,Real GDP PPP 2021 USD,2023,257881.45526629098,0.018138945341201307,WDI
12_NZ,New Zealand,Real GDP PPP 2021 USD,2024,255641.181371427,-0.008687223718939596,WDI
12_NZ,New Zealand,Real GDP PPP 2021 USD,2025,256824.472387616,0.004628718306812107,WDI
13_PNG,Papua New Guinea,Real GDP PPP 2021 USD,1990,12330.6256724057,,WDI
13_PNG,Papua New Guinea,Real GDP PPP 2021 USD,1991,13507.8178924025,0.09546897710399227,WDI
13_PNG,Papua New Guinea,Real GDP PPP 2021 USD,1992,15378.5271102955,0.13849085268947725,WDI
13_PNG,Papua New Guinea,Real GDP PPP 2021 USD,1993,18177.7705902296,0.18202285952730057,WDI
13_PNG,Papua New Guinea,Real GDP PPP 2021 USD,1994,19257.913543319,0.059421090596773585,WDI
13_PNG,Papua New Guinea,Real GDP PPP 2021 USD,1995,18620.0050214279,-0.03312448778296673,WDI
13_PNG,Papua New Guinea,Real GDP PPP 2021 USD,1996,20060.0195673508,0.07733695797964235,WDI
13_PNG,Papua New Guinea,Real GDP PPP 2021 USD,1997,19276.7982382926,-0.03904389656393714,WDI
13_PNG,Papua New Guinea,Real GDP PPP 2021 USD,1998,18550.233887917802,-0.037691132178346076,WDI
13_PNG,Papua New Guinea,Real GDP PPP 2021 USD,1999,18894.4434937378,0.01855553994088388,WDI
13_PNG,Papua New Guinea,Real GDP PPP 2021 USD,2000,18423.0569831879,-0.024948419926002607,WDI
13_PNG,Papua New Guinea,Real GDP PPP 2021 USD,2001,18400.7119142706,-0.0012128860556470666,WDI
13_PNG,Papua New Guinea,Real GDP PPP 2021 USD,2002,18371.4730849478,-0.0015890053308276197,WDI
13_PNG,Papua New Guinea,Real GDP PPP 2021 USD,2003,18769.050593674,0.021641025022209437,WDI
13_PNG,Papua New Guinea,Real GDP PPP 2021 USD,2004,19279.789445241797,0.0272117574098254,WDI
13_PNG,Papua New Guinea,Real GDP PPP 2021 USD,2005,20503.052739945,0.06344795923096047,WDI
13_PNG,Papua New Guinea,Real GDP PPP 2021 USD,2006,21612.2564301393,0.054099440910733154,WDI
13_PNG,Papua New Guinea,Real GDP PPP 2021 USD,2007,23301.2951667301,0.07815189228623787,WDI
13_PNG,Papua New Guinea,Real GDP PPP 2021 USD,2008,23232.216649016602,-0.0029645784588029356,WDI
13_PNG,Papua New Guinea,Real GDP PPP 2021 USD,2009,24812.1053010447,0.06800421483220687,WDI
13_PNG,Papua New Guinea,Real GDP PPP 2021 USD,2010,27325.1879907631,0.1012845407202343,WDI
13_PNG,Papua New Guinea,Real GDP PPP 2021 USD,2011,27627.826368700902,0.011075436261961169,WDI
13_PNG,Papua New Guinea,Real GDP PPP 2021 USD,2012,28914.4872847048,0.04657119596862436,WDI
13_PNG,Papua New Guinea,Real GDP PPP 2021 USD,2013,30020.450904363,0.03824946328006429,WDI
13_PNG,Papua New Guinea,Real GDP PPP 2021 USD,2014,34086.3519144364,0.1354377062165475,WDI
13_PNG,Papua New Guinea,Real GDP PPP 2021 USD,2015,36328.673600894304,0.06578356323042667,WDI
13_PNG,Papua New Guinea,Real GDP PPP 2021 USD,2016,38322.962713650806,0.054895731527820235,WDI
13_PNG,Papua New Guinea,Real GDP PPP 2021 USD,2017,39677.530299315695,0.035346108175044355,WDI
13_PNG,Papua New Guinea,Real GDP PPP 2021 USD,2018,39566.7298893392,-0.0027925228495989662,WDI
13_PNG,Papua New Guinea,Real GDP PPP 2021 USD,2019,41339.5229866764,0.044805145694257975,WDI
13_PNG,Papua New Guinea,Real GDP PPP 2021 USD,2020,40030.1216886158,-0.031674320443480064,WDI
13_PNG,Papua New Guinea,Real GDP PPP 2021 USD,2021,39825.7228406625,-0.005106126070344441,WDI
13_PNG,Papua New Guinea,Real GDP PPP 2021 USD,2022,42098.5846689198,0.05707019649965228,WDI
13_PNG,Papua New Guinea,Real GDP PPP 2021 USD,2023,43702.7356963364,0.03810463083337101,WDI
13_PNG,Papua New Guinea,Real GDP PPP 2021 USD,2024,45401.8776277294,0.03887953246678433,WDI
13_PNG,Papua New Guinea,Real GDP PPP 2021 USD,2025,47961.5994044189,0.05637920523194695,WDI
14_PE,Peru,Real GDP PPP 2021 USD,1990,139050.28909291798,,WDI
14_PE,Peru,Real GDP PPP 2021 USD,1991,142136.175291069,0.022192591027904385,WDI
14_PE,Peru,Real GDP PPP 2021 USD,1992,141367.916294088,-0.005405091247233429,WDI
14_PE,Peru,Real GDP PPP 2021 USD,1993,148780.651849195,0.05243577007732281,WDI
14_PE,Peru,Real GDP PPP 2021 USD,1994,167093.11929099303,0.1230836618484481,WDI
14_PE,Peru,Real GDP PPP 2021 USD,1995,179477.05045859,0.07411395047351022,WDI
14_PE,Peru,Real GDP PPP 2021 USD,1996,184500.564784136,0.027989730791263767,WDI
14_PE,Peru,Real GDP PPP 2021 USD,1997,196450.342420583,0.06476824420796845,WDI
14_PE,Peru,Real GDP PPP 2021 USD,1998,195681.165551443,-0.003915375558334544,WDI
14_PE,Peru,Real GDP PPP 2021 USD,1999,198606.42412179,0.0149491064308791,WDI
14_PE,Peru,Real GDP PPP 2021 USD,2000,203957.618808056,0.026943713980694284,WDI
14_PE,Peru,Real GDP PPP 2021 USD,2001,205217.857282197,0.006178923256242808,WDI
14_PE,Peru,Real GDP PPP 2021 USD,2002,216409.47251541002,0.05453528938187535,WDI
14_PE,Peru,Real GDP PPP 2021 USD,2003,225422.977115603,0.0416502313666105,WDI
14_PE,Peru,Real GDP PPP 2021 USD,2004,236599.90639427397,0.04958203206117351,WDI
14_PE,Peru,Real GDP PPP 2021 USD,2005,251470.353240275,0.06285060325096103,WDI
14_PE,Peru,Real GDP PPP 2021 USD,2006,270403.302261475,0.07528899044059467,WDI
14_PE,Peru,Real GDP PPP 2021 USD,2007,293437.304088547,0.0851838776909557,WDI
14_PE,Peru,Real GDP PPP 2021 USD,2008,320218.060068164,0.09126568301464388,WDI
14_PE,Peru,Real GDP PPP 2021 USD,2009,323727.08533155796,0.010958236592423898,WDI
14_PE,Peru,Real GDP PPP 2021 USD,2010,350701.512336698,0.08332459107495782,WDI
14_PE,Peru,Real GDP PPP 2021 USD,2011,372891.071777602,0.06327192401611459,WDI
14_PE,Peru,Real GDP PPP 2021 USD,2012,395785.557036524,0.06139724705604266,WDI
14_PE,Peru,Real GDP PPP 2021 USD,2013,418948.978837998,0.058525182108493334,WDI
14_PE,Peru,Real GDP PPP 2021 USD,2014,428929.00282149,0.023821573718052047,WDI
14_PE,Peru,Real GDP PPP 2021 USD,2015,442878.823892135,0.03252244772184487,WDI
14_PE,Peru,Real GDP PPP 2021 USD,2016,460387.235322755,0.0395331871520781,WDI
14_PE,Peru,Real GDP PPP 2021 USD,2017,471983.632178034,0.025188354423313575,WDI
14_PE,Peru,Real GDP PPP 2021 USD,2018,490718.32081291603,0.03969351341365002,WDI
14_PE,Peru,Real GDP PPP 2021 USD,2019,501713.51140412904,0.022406317687504673,WDI
14_PE,Peru,Real GDP PPP 2021 USD,2020,446859.63544519397,-0.10933306501038276,WDI
14_PE,Peru,Real GDP PPP 2021 USD,2021,506813.209118862,0.1341664561265148,WDI
14_PE,Peru,Real GDP PPP 2021 USD,2022,521096.21778318,0.028181997641991696,WDI
14_PE,Peru,Real GDP PPP 2021 USD,2023,519268.734314851,-0.003506998143458784,WDI
14_PE,Peru,Real GDP PPP 2021 USD,2024,537522.457938481,0.03515274927483336,WDI
14_PE,Peru,Real GDP PPP 2021 USD,2025,555962.509610363,0.03430563951244703,WDI
15_PHL,Philippines,Real GDP PPP 2021 USD,1990,283126.473617181,,WDI
15_PHL,Philippines,Real GDP PPP 2021 USD,1991,281890.937770952,-0.0043639008053326656,WDI
15_PHL,Philippines,Real GDP PPP 2021 USD,1992,283068.196261779,0.004176290660977466,WDI
15_PHL,Philippines,Real GDP PPP 2021 USD,1993,289244.432888471,0.021818899856133056,WDI
15_PHL,Philippines,Real GDP PPP 2021 USD,1994,301895.01806997805,0.043736659181907056,WDI
15_PHL,Philippines,Real GDP PPP 2021 USD,1995,315858.342273919,0.04625225117396381,WDI
15_PHL,Philippines,Real GDP PPP 2021 USD,1996,334368.73991276004,0.05860347871638094,WDI
15_PHL,Philippines,Real GDP PPP 2021 USD,1997,351710.479274008,0.05186411674061575,WDI
15_PHL,Philippines,Real GDP PPP 2021 USD,1998,349902.368762457,-0.005140905995417833,WDI
15_PHL,Philippines,Real GDP PPP 2021 USD,1999,361611.68072469096,0.033464511839824684,WDI
15_PHL,Philippines,Real GDP PPP 2021 USD,2000,377459.33071605104,0.04382505000834169,WDI
15_PHL,Philippines,Real GDP PPP 2021 USD,2001,388968.93894149404,0.030492313446349062,WDI
15_PHL,Philippines,Real GDP PPP 2021 USD,2002,403424.016589514,0.03716255001583613,WDI
15_PHL,Philippines,Real GDP PPP 2021 USD,2003,423945.83781119797,0.05086911135130823,WDI
15_PHL,Philippines,Real GDP PPP 2021 USD,2004,451795.808663307,0.06569228511806235,WDI
15_PHL,Philippines,Real GDP PPP 2021 USD,2005,474125.83963291,0.049425051187768076,WDI
15_PHL,Philippines,Real GDP PPP 2021 USD,2006,499332.345525613,0.053164168213694074,WDI
15_PHL,Philippines,Real GDP PPP 2021 USD,2007,531885.276934827,0.06519291550189421,WDI
15_PHL,Philippines,Real GDP PPP 2021 USD,2008,554992.965268913,0.04344487305091804,WDI
15_PHL,Philippines,Real GDP PPP 2021 USD,2009,563031.05638158,0.014483230627567067,WDI
15_PHL,Philippines,Real GDP PPP 2021 USD,2010,604326.568988619,0.07334499960345364,WDI
15_PHL,Philippines,Real GDP PPP 2021 USD,2011,627642.895061402,0.038582328279566536,WDI
15_PHL,Philippines,Real GDP PPP 2021 USD,2012,670931.1224482331,0.0689695171050988,WDI
15_PHL,Philippines,Real GDP PPP 2021 USD,2013,716222.5378800861,0.06750531301422469,WDI
15_PHL,Philippines,Real GDP PPP 2021 USD,2014,761688.254932336,0.06347987482608652,WDI
15_PHL,Philippines,Real GDP PPP 2021 USD,2015,810042.584431379,0.06348309716727663,WDI
15_PHL,Philippines,Real GDP PPP 2021 USD,2016,867956.228661943,0.07149456750007444,WDI
15_PHL,Philippines,Real GDP PPP 2021 USD,2017,928114.173543905,0.06930988325840182,WDI
15_PHL,Philippines,Real GDP PPP 2021 USD,2018,986970.3999465611,0.06341485571534777,WDI
15_PHL,Philippines,Real GDP PPP 2021 USD,2019,1047358.43714574,0.061185256622132256,WDI
15_PHL,Philippines,Real GDP PPP 2021 USD,2020,947667.774109205,-0.09518294740453126,WDI
15_PHL,Philippines,Real GDP PPP 2021 USD,2021,1001824.4583760999,0.05714733131851135,WDI
15_PHL,Philippines,Real GDP PPP 2021 USD,2022,1077772.5915180799,0.07580982127855762,WDI
15_PHL,Philippines,Real GDP PPP 2021 USD,2023,1137254.31849328,0.05518949678560503,WDI
15_PHL,Philippines,Real GDP PPP 2021 USD,2024,1202245.5057681499,0.057147452612864136,WDI
15_PHL,Philippines,Real GDP PPP 2021 USD,2025,1255173.180995,0.04402401587106208,WDI
16_RUS,Russia,Real GDP PPP 2021 USD,1990,4386345.13817199,,WDI
16_RUS,Russia,Real GDP PPP 2021 USD,1991,4164968.95491794,-0.05046939451424681,WDI
16_RUS,Russia,Real GDP PPP 2021 USD,1992,3559754.2434593397,-0.14531073772926217,WDI
16_RUS,Russia,Real GDP PPP 2021 USD,1993,3251175.5107675,-0.08668540342604258,WDI
16_RUS,Russia,Real GDP PPP 2021 USD,1994,2842510.68257551,-0.12569755980215203,WDI
16_RUS,Russia,Real GDP PPP 2021 USD,1995,2724730.44502044,-0.04143528405260133,WDI
16_RUS,Russia,Real GDP PPP 2021 USD,1996,2622414.9248018,-0.03755069438359526,WDI
16_RUS,Russia,Real GDP PPP 2021 USD,1997,2659126.52581455,0.013999158052963256,WDI
16_RUS,Russia,Real GDP PPP 2021 USD,1998,2518193.840343,-0.05299961626623961,WDI
16_RUS,Russia,Real GDP PPP 2021 USD,1999,2679356.09789008,0.06399914691441233,WDI
16_RUS,Russia,Real GDP PPP 2021 USD,2000,2947293.49785473,0.10000066813651376,WDI
16_RUS,Russia,Real GDP PPP 2021 USD,2001,3097606.9760177997,0.05100051225725544,WDI
16_RUS,Russia,Real GDP PPP 2021 USD,2002,3243194.2532676803,0.04699991909142831,WDI
16_RUS,Russia,Real GDP PPP 2021 USD,2003,3479945.88822114,0.07299952345281846,WDI
16_RUS,Russia,Real GDP PPP 2021 USD,2004,3730500.1780615603,0.0719994786954854,WDI
16_RUS,Russia,Real GDP PPP 2021 USD,2005,3969250.90049488,0.06399965447994682,WDI
16_RUS,Russia,Real GDP PPP 2021 USD,2006,4294732.18353033,0.0820006825456332,WDI
16_RUS,Russia,Real GDP PPP 2021 USD,2007,4659783.46437558,0.08499977769164935,WDI
16_RUS,Russia,Real GDP PPP 2021 USD,2008,4902090.77229438,0.051999692640496864,WDI
16_RUS,Russia,Real GDP PPP 2021 USD,2009,4519727.99045976,-0.07799993912712855,WDI
16_RUS,Russia,Real GDP PPP 2021 USD,2010,4723115.749994599,0.044999999992068274,WDI
16_RUS,Russia,Real GDP PPP 2021 USD,2011,4926211.105734929,0.04300029186042331,WDI
16_RUS,Russia,Real GDP PPP 2021 USD,2012,5124446.08491426,0.04024086157179729,WDI
16_RUS,Russia,Real GDP PPP 2021 USD,2013,5214401.74651076,0.017554221491629773,WDI
16_RUS,Russia,Real GDP PPP 2021 USD,2014,5252793.67736262,0.007362672214036747,WDI
16_RUS,Russia,Real GDP PPP 2021 USD,2015,5149170.806564599,-0.019727192264297866,WDI
16_RUS,Russia,Real GDP PPP 2021 USD,2016,5159143.263887281,0.0019367113069870268,WDI
16_RUS,Russia,Real GDP PPP 2021 USD,2017,5253385.6060589,0.01826705275492002,WDI
16_RUS,Russia,Real GDP PPP 2021 USD,2018,5400813.51077824,0.028063408204664464,WDI
16_RUS,Russia,Real GDP PPP 2021 USD,2019,5519527.48090736,0.021980757138198914,WDI
16_RUS,Russia,Real GDP PPP 2021 USD,2020,5373058.29169962,-0.026536544969545495,WDI
16_RUS,Russia,Real GDP PPP 2021 USD,2021,5688268.31433954,0.05866491772978932,WDI
16_RUS,Russia,Real GDP PPP 2021 USD,2022,5606620.5813337695,-0.014353706346788342,WDI
16_RUS,Russia,Real GDP PPP 2021 USD,2023,5834620.196473691,0.040666139581302385,WDI
16_RUS,Russia,Real GDP PPP 2021 USD,2024,6121781.51204027,0.049216796620306535,WDI
16_RUS,Russia,Real GDP PPP 2021 USD,2025,6183071.35415995,0.010011765692574448,WDI
17_SGP,Singapore,Real GDP PPP 2021 USD,1990,140049.416153099,,WDI
17_SGP,Singapore,Real GDP PPP 2021 USD,1991,149416.477857285,0.06688397539584257,WDI
17_SGP,Singapore,Real GDP PPP 2021 USD,1992,159337.441475797,0.06639805569495483,WDI
17_SGP,Singapore,Real GDP PPP 2021 USD,1993,177596.95598247298,0.11459650875246141,WDI
17_SGP,Singapore,Real GDP PPP 2021 USD,1994,197302.562442346,0.11095689310022738,WDI
17_SGP,Singapore,Real GDP PPP 2021 USD,1995,211459.81271941902,0.07175401120910374,WDI
17_SGP,Singapore,Real GDP PPP 2021 USD,1996,227258.80183955398,0.07471390860020422,WDI
17_SGP,Singapore,Real GDP PPP 2021 USD,1997,246158.119024241,0.0831620911124491,WDI
17_SGP,Singapore,Real GDP PPP 2021 USD,1998,240764.757697655,-0.021910150061127398,WDI
17_SGP,Singapore,Real GDP PPP 2021 USD,1999,254532.581602908,0.057183717571083204,WDI
17_SGP,Singapore,Real GDP PPP 2021 USD,2000,277538.04147977097,0.09038316325551365,WDI
17_SGP,Singapore,Real GDP PPP 2021 USD,2001,274565.989973697,-0.010708627510043867,WDI
17_SGP,Singapore,Real GDP PPP 2021 USD,2002,285338.204303906,0.03923360767020334,WDI
17_SGP,Singapore,Real GDP PPP 2021 USD,2003,298316.114664843,0.04548255426432335,WDI
17_SGP,Singapore,Real GDP PPP 2021 USD,2004,327968.68480715196,0.0993998268434928,WDI
17_SGP,Singapore,Real GDP PPP 2021 USD,2005,352127.91547651397,0.0736632239250763,WDI
17_SGP,Singapore,Real GDP PPP 2021 USD,2006,383843.25312134804,0.09006766078717598,WDI
17_SGP,Singapore,Real GDP PPP 2021 USD,2007,418471.74709983,0.09021519512688836,WDI
17_SGP,Singapore,Real GDP PPP 2021 USD,2008,426269.898869297,0.018634834546205736,WDI
17_SGP,Singapore,Real GDP PPP 2021 USD,2009,426815.325624664,0.0012795338277786783,WDI
17_SGP,Singapore,Real GDP PPP 2021 USD,2010,488787.84263312595,0.1451974971089951,WDI
17_SGP,Singapore,Real GDP PPP 2021 USD,2011,519165.685276846,0.06214934168590003,WDI
17_SGP,Singapore,Real GDP PPP 2021 USD,2012,542193.266755059,0.04435497593785209,WDI
17_SGP,Singapore,Real GDP PPP 2021 USD,2013,568314.137606487,0.04817630991206756,WDI
17_SGP,Singapore,Real GDP PPP 2021 USD,2014,590680.3693923879,0.03935540277090155,WDI
17_SGP,Singapore,Real GDP PPP 2021 USD,2015,608263.738590263,0.029767993163480888,WDI
17_SGP,Singapore,Real GDP PPP 2021 USD,2016,632052.647907152,0.03910953063226019,WDI
17_SGP,Singapore,Real GDP PPP 2021 USD,2017,659400.262106181,0.043267937077049234,WDI
17_SGP,Singapore,Real GDP PPP 2021 USD,2018,680412.76680686,0.031866084847408604,WDI
17_SGP,Singapore,Real GDP PPP 2021 USD,2019,688297.250280296,0.011587794730009815,WDI
17_SGP,Singapore,Real GDP PPP 2021 USD,2020,663443.918456882,-0.03610842817299198,WDI
17_SGP,Singapore,Real GDP PPP 2021 USD,2021,730724.326968531,0.10141084519719157,WDI
17_SGP,Singapore,Real GDP PPP 2021 USD,2022,760028.410066194,0.040102788447229365,WDI
17_SGP,Singapore,Real GDP PPP 2021 USD,2023,771050.857055831,0.01450267758895607,WDI
17_SGP,Singapore,Real GDP PPP 2021 USD,2024,812252.052277036,0.05343512019236574,WDI
17_SGP,Singapore,Real GDP PPP 2021 USD,2025,853074.8819270959,0.050258819950800726,WDI
19_THA,Thailand,Real GDP PPP 2021 USD,1990,476382.17939490697,,WDI
19_THA,Thailand,Real GDP PPP 2021 USD,1991,517152.206431531,0.08558260321242384,WDI
19_THA,Thailand,Real GDP PPP 2021 USD,1992,558955.6259492419,0.0808338802345332,WDI
19_THA,Thailand,Real GDP PPP 2021 USD,1993,605080.174206112,0.082519159152463,WDI
19_THA,Thailand,Real GDP PPP 2021 USD,1994,653468.584993737,0.07997024667204222,WDI
19_THA,Thailand,Real GDP PPP 2021 USD,1995,706532.294783931,0.08120315346253792,WDI
19_THA,Thailand,Real GDP PPP 2021 USD,1996,746465.107712372,0.05651944464994774,WDI
19_THA,Thailand,Real GDP PPP 2021 USD,1997,725910.6299795379,-0.027535751531408637,WDI
19_THA,Thailand,Real GDP PPP 2021 USD,1998,670494.356342068,-0.07634035286000984,WDI
19_THA,Thailand,Real GDP PPP 2021 USD,1999,701151.421768156,0.045723077511554244,WDI
19_THA,Thailand,Real GDP PPP 2021 USD,2000,732389.449755889,0.04455247043350119,WDI
19_THA,Thailand,Real GDP PPP 2021 USD,2001,757614.7661261341,0.034442490096836975,WDI
19_THA,Thailand,Real GDP PPP 2021 USD,2002,804200.771231266,0.06149036052100376,WDI
19_THA,Thailand,Real GDP PPP 2021 USD,2003,862016.721322979,0.07189243303409709,WDI
19_THA,Thailand,Real GDP PPP 2021 USD,2004,916231.902255627,0.06289342142857901,WDI
19_THA,Thailand,Real GDP PPP 2021 USD,2005,954600.381491807,0.041876384288434654,WDI
19_THA,Thailand,Real GDP PPP 2021 USD,2006,1002023.12322303,0.049678108924608555,WDI
19_THA,Thailand,Real GDP PPP 2021 USD,2007,1056484.59994417,0.05435151690508255,WDI
19_THA,Thailand,Real GDP PPP 2021 USD,2008,1074716.3425217099,0.017256988486631153,WDI
19_THA,Thailand,Real GDP PPP 2021 USD,2009,1067294.15551474,-0.006906182323006771,WDI
19_THA,Thailand,Real GDP PPP 2021 USD,2010,1147484.13355035,0.07513390532616171,WDI
19_THA,Thailand,Real GDP PPP 2021 USD,2011,1157124.51590426,0.00840132083053935,WDI
19_THA,Thailand,Real GDP PPP 2021 USD,2012,1240932.6864003302,0.07242796202496526,WDI
19_THA,Thailand,Real GDP PPP 2021 USD,2013,1274282.6972897,0.026874955632050224,WDI
19_THA,Thailand,Real GDP PPP 2021 USD,2014,1286827.61367901,0.009844688636196697,WDI
19_THA,Thailand,Real GDP PPP 2021 USD,2015,1327157.3991063898,0.031340472491166116,WDI
19_THA,Thailand,Real GDP PPP 2021 USD,2016,1372747.34891749,0.034351577169216885,WDI
19_THA,Thailand,Real GDP PPP 2021 USD,2017,1430096.3545318702,0.041776810320999,WDI
19_THA,Thailand,Real GDP PPP 2021 USD,2018,1490487.4685694599,0.042228702874610224,WDI
19_THA,Thailand,Real GDP PPP 2021 USD,2019,1522004.68753871,0.021145577962825568,WDI
19_THA,Thailand,Real GDP PPP 2021 USD,2020,1429267.98109045,-0.060930631296693294,WDI
19_THA,Thailand,Real GDP PPP 2021 USD,2021,1451544.2991601299,0.015585823207684424,WDI
19_THA,Thailand,Real GDP PPP 2021 USD,2022,1489833.74630119,0.026378421356630044,WDI
19_THA,Thailand,Real GDP PPP 2021 USD,2023,1523337.63978847,0.022488343797057997,WDI
19_THA,Thailand,Real GDP PPP 2021 USD,2024,1568254.77139299,0.029485998659336765,WDI
19_THA,Thailand,Real GDP PPP 2021 USD,2025,1606558.9934936299,0.024424744499018214,WDI
20_USA,United States of America,Real GDP PPP 2021 USD,1990,11079319.700573,,WDI
20_USA,United States of America,Real GDP PPP 2021 USD,1991,11067319.371015301,-0.0010831287373247456,WDI
20_USA,United States of America,Real GDP PPP 2021 USD,1992,11457165.3829356,0.03522497172542827,WDI
20_USA,United States of America,Real GDP PPP 2021 USD,1993,11772443.1859769,0.02751795863144979,WDI
20_USA,United States of America,Real GDP PPP 2021 USD,1994,12246757.5973897,0.04029022726376752,WDI
20_USA,United States of America,Real GDP PPP 2021 USD,1995,12575513.322951,0.026844307397034806,WDI
20_USA,United States of America,Real GDP PPP 2021 USD,1996,13049958.855286099,0.037727726904730696,WDI
20_USA,United States of America,Real GDP PPP 2021 USD,1997,13630307.2209708,0.044471279344273196,WDI
20_USA,United States of America,Real GDP PPP 2021 USD,1998,14241372.0703819,0.04483133354991087,WDI
20_USA,United States of America,Real GDP PPP 2021 USD,1999,14923309.4978312,0.0478842504836694,WDI
20_USA,United States of America,Real GDP PPP 2021 USD,2000,15531820.2408323,0.04077585759978608,WDI
20_USA,United States of America,Real GDP PPP 2021 USD,2001,15680232.7377605,0.009555383375995374,WDI
20_USA,United States of America,Real GDP PPP 2021 USD,2002,15946866.8368103,0.017004473307829393,WDI
20_USA,United States of America,Real GDP PPP 2021 USD,2003,16392678.397137199,0.027956059637861186,WDI
20_USA,United States of America,Real GDP PPP 2021 USD,2004,17023431.2361729,0.03847771692671387,WDI
20_USA,United States of America,Real GDP PPP 2021 USD,2005,17616450.964293398,0.034835499371031364,WDI
20_USA,United States of America,Real GDP PPP 2021 USD,2006,18106988.0239814,0.027845396367421893,WDI
20_USA,United States of America,Real GDP PPP 2021 USD,2007,18469826.4070951,0.02003858303949535,WDI
20_USA,United States of America,Real GDP PPP 2021 USD,2008,18490805.7745292,0.0011358724750136773,WDI
20_USA,United States of America,Real GDP PPP 2021 USD,2009,18014390.1199871,-0.0257650023666548,WDI
20_USA,United States of America,Real GDP PPP 2021 USD,2010,18499912.6270466,0.02695192586735473,WDI
20_USA,United States of America,Real GDP PPP 2021 USD,2011,18789326.5278082,0.01564406852054434,WDI
20_USA,United States of America,Real GDP PPP 2021 USD,2012,19219435.517265398,0.02289113390097497,WDI
20_USA,United States of America,Real GDP PPP 2021 USD,2013,19626470.5066305,0.02117830094434603,WDI
20_USA,United States of America,Real GDP PPP 2021 USD,2014,20121807.258768,0.02523819817578299,WDI
20_USA,United States of America,Real GDP PPP 2021 USD,2015,20714505.2434842,0.029455504522732934,WDI
20_USA,United States of America,Real GDP PPP 2021 USD,2016,21091395.6155232,0.018194514790912164,WDI
20_USA,United States of America,Real GDP PPP 2021 USD,2017,21609742.4578182,0.02457622301264384,WDI
20_USA,United States of America,Real GDP PPP 2021 USD,2018,22250796.5627992,0.029665050670193205,WDI
20_USA,United States of America,Real GDP PPP 2021 USD,2019,22825718.2806318,0.02583825330522327,WDI
20_USA,United States of America,Real GDP PPP 2021 USD,2020,22350629.2635793,-0.020813759777961627,WDI
20_USA,United States of America,Real GDP PPP 2021 USD,2021,23725645.0000001,0.061520224786753896,WDI
20_USA,United States of America,Real GDP PPP 2021 USD,2022,24324531.0172657,0.02524213850732382,WDI
20_USA,United States of America,Real GDP PPP 2021 USD,2023,25038301.1099445,0.029343632244015705,WDI
20_USA,United States of America,Real GDP PPP 2021 USD,2024,25737667.7200367,0.027931871536381214,WDI
20_USA,United States of America,Real GDP PPP 2021 USD,2025,26293957.0260942,0.021613819562385173,WDI
21_VN,Viet Nam,Real GDP PPP 2021 USD,1990,161662.91552756602,,WDI
21_VN,Viet Nam,Real GDP PPP 2021 USD,1991,171299.389618391,0.059608439321891415,WDI
21_VN,Viet Nam,Real GDP PPP 2021 USD,1992,186110.016142367,0.0864604745934594,WDI
21_VN,Viet Nam,Real GDP PPP 2021 USD,1993,201134.176471976,0.08072730657395732,WDI
21_VN,Viet Nam,Real GDP PPP 2021 USD,1994,218912.38801920903,0.08838980952453923,WDI
21_VN,Viet Nam,Real GDP PPP 2021 USD,1995,239797.68099860998,0.09540480174912869,WDI
21_VN,Viet Nam,Real GDP PPP 2021 USD,1996,262194.826367016,0.09340017499391862,WDI
21_VN,Viet Nam,Real GDP PPP 2021 USD,1997,283569.16923197603,0.08152084143353977,WDI
21_VN,Viet Nam,Real GDP PPP 2021 USD,1998,299915.387686359,0.05764455458488449,WDI
21_VN,Viet Nam,Real GDP PPP 2021 USD,1999,314232.109294403,0.047735868834499096,WDI
21_VN,Viet Nam,Real GDP PPP 2021 USD,2000,335560.03679716104,0.06787316404631327,WDI
21_VN,Viet Nam,Real GDP PPP 2021 USD,2001,356340.911874838,0.061928933123340135,WDI
21_VN,Viet Nam,Real GDP PPP 2021 USD,2002,378864.58303431096,0.06320820991608223,WDI
21_VN,Viet Nam,Real GDP PPP 2021 USD,2003,405002.691161065,0.06899063490552493,WDI
21_VN,Viet Nam,Real GDP PPP 2021 USD,2004,435525.356944074,0.07536410608903932,WDI
21_VN,Viet Nam,Real GDP PPP 2021 USD,2005,468395.534555077,0.07547247728959183,WDI
21_VN,Viet Nam,Real GDP PPP 2021 USD,2006,501079.963291044,0.06977954810567,WDI
21_VN,Viet Nam,Real GDP PPP 2021 USD,2007,536804.481752599,0.0712950448605445,WDI
21_VN,Viet Nam,Real GDP PPP 2021 USD,2008,567197.123348626,0.05661771208913691,WDI
21_VN,Viet Nam,Real GDP PPP 2021 USD,2009,597813.842917616,0.05397897540141705,WDI
21_VN,Viet Nam,Real GDP PPP 2021 USD,2010,636212.889630382,0.06423244822394936,WDI
21_VN,Viet Nam,Real GDP PPP 2021 USD,2011,677014.296785697,0.06413168896816801,WDI
21_VN,Viet Nam,Real GDP PPP 2021 USD,2012,714280.851405542,0.05504544704118919,WDI
21_VN,Viet Nam,Real GDP PPP 2021 USD,2013,753948.5157039709,0.05553510810260698,WDI
21_VN,Viet Nam,Real GDP PPP 2021 USD,2014,802368.9223910511,0.06422243121185733,WDI
21_VN,Viet Nam,Real GDP PPP 2021 USD,2015,858431.677101791,0.06987154305986021,WDI
21_VN,Viet Nam,Real GDP PPP 2021 USD,2016,915860.832928699,0.06690008926604207,WDI
21_VN,Viet Nam,Real GDP PPP 2021 USD,2017,979423.318291117,0.06940190373592103,WDI
21_VN,Viet Nam,Real GDP PPP 2021 USD,2018,1052537.33614814,0.07465006855727241,WDI
21_VN,Viet Nam,Real GDP PPP 2021 USD,2019,1129996.3237419198,0.07359262701050429,WDI
21_VN,Viet Nam,Real GDP PPP 2021 USD,2020,1162375.38766502,0.02865413209122547,WDI
21_VN,Viet Nam,Real GDP PPP 2021 USD,2021,1192059.2995246202,0.02553728526481369,WDI
21_VN,Viet Nam,Real GDP PPP 2021 USD,2022,1293831.36713498,0.08537500412181287,WDI
21_VN,Viet Nam,Real GDP PPP 2021 USD,2023,1358246.8266358,0.04978659594832657,WDI
21_VN,Viet Nam,Real GDP PPP 2021 USD,2024,1453861.3178944099,0.07039551971230029,WDI
21_VN,Viet Nam,Real GDP PPP 2021 USD,2025,1570443.98526357,0.08018829989782228,WDI
