economy_code,economy,year,value,source
01_AUS,Australia,1990,24.4154383916175,WDI
01_AUS,Australia,1991,20.8078722173929,WDI
01_AUS,Australia,1992,18.3164839064147,WDI
01_AUS,Australia,1993,20.3034156711219,WDI
01_AUS,Australia,1994,21.8463364095375,WDI
01_AUS,Australia,1995,20.6053570826636,WDI
01_AUS,Australia,1996,20.8678175180598,WDI
01_AUS,Australia,1997,21.7802042626413,WDI
01_AUS,Australia,1998,21.5910821015266,WDI
01_AUS,Australia,1999,20.5938348860108,WDI
01_AUS,Australia,2000,21.1585828443316,WDI
01_AUS,Australia,2001,20.707708507732,WDI
01_AUS,Australia,2002,21.7443643675091,WDI
01_AUS,Australia,2003,21.0479265435955,WDI
01_AUS,Australia,2004,21.4867186852419,WDI
01_AUS,Australia,2005,20.9463328004775,WDI
01_AUS,Australia,2006,21.6197924820935,WDI
01_AUS,Australia,2007,21.3208215222712,WDI
01_AUS,Australia,2008,21.845024795339,WDI
01_AUS,Australia,2009,23.9195578923009,WDI
01_AUS,Australia,2010,21.7091351421171,WDI
01_AUS,Australia,2011,23.1621677041742,WDI
01_AUS,Australia,2012,24.200411352821,WDI
01_AUS,Australia,2013,23.7827985137743,WDI
01_AUS,Australia,2014,23.4563274824008,WDI
01_AUS,Australia,2015,22.521231196962,WDI
01_AUS,Australia,2016,20.529640955705,WDI
01_AUS,Australia,2017,21.5782074482669,WDI
01_AUS,Australia,2018,21.4012664353392,WDI
01_AUS,Australia,2019,21.9808894845608,WDI
01_AUS,Australia,2020,23.2325990455773,WDI
01_AUS,Australia,2021,25.1958520075371,WDI
01_AUS,Australia,2022,24.9259369836481,WDI
01_AUS,Australia,2023,23.7753856393832,WDI
01_AUS,Australia,2024,22.9191602790214,WDI
01_AUS,Australia,2025,22.1555127348176,WDI
02_BD,Brunei Darussalam,2001,51.7876966296619,WDI
02_BD,Brunei Darussalam,2002,54.5162238558289,WDI
02_BD,Brunei Darussalam,2003,56.9478569565325,WDI
02_BD,Brunei Darussalam,2004,56.7706482500164,WDI
02_BD,Brunei Darussalam,2005,63.9414562144402,WDI
02_BD,Brunei Darussalam,2006,66.2085968576008,WDI
02_BD,Brunei Darussalam,2007,61.7392099345848,WDI
02_BD,Brunei Darussalam,2008,69.492591540605,WDI
02_BD,Brunei Darussalam,2009,58.2879888470828,WDI
02_BD,Brunei Darussalam,2010,60.151545349916,WDI
02_BD,Brunei Darussalam,2011,63.7858068696577,WDI
02_BD,Brunei Darussalam,2012,62.9040809586224,WDI
02_BD,Brunei Darussalam,2013,60.279412864525,WDI
02_BD,Brunei Darussalam,2014,59.8076367677065,WDI
02_BD,Brunei Darussalam,2015,57.1182687749519,WDI
02_BD,Brunei Darussalam,2016,56.4115794432201,WDI
02_BD,Brunei Darussalam,2017,55.3364205017207,WDI
02_BD,Brunei Darussalam,2018,53.2133009127659,WDI
02_BD,Brunei Darussalam,2019,53.5317208322741,WDI
02_BD,Brunei Darussalam,2020,50.8859947205967,WDI
02_BD,Brunei Darussalam,2021,49.7343409455499,WDI
02_BD,Brunei Darussalam,2022,50.3806352832592,WDI
02_BD,Brunei Darussalam,2023,45.871344690754,WDI
02_BD,Brunei Darussalam,2024,47.6532634913652,WDI
02_BD,Brunei Darussalam,2025,45.3344398925132,WDI
03_CDA,Canada,1990,17.7598907649728,WDI
03_CDA,Canada,1991,15.1422078826112,WDI
03_CDA,Canada,1992,14.0569176510518,WDI
03_CDA,Canada,1993,14.8838279479694,WDI
03_CDA,Canada,1994,16.9829901791132,WDI
03_CDA,Canada,1995,18.9495948122556,WDI
03_CDA,Canada,1996,19.4615675805776,WDI
03_CDA,Canada,1997,20.1967117448251,WDI
03_CDA,Canada,1998,19.7742353004359,WDI
03_CDA,Canada,1999,21.0958239916016,WDI
03_CDA,Canada,2000,23.7746280731218,WDI
03_CDA,Canada,2001,22.635489053482,WDI
03_CDA,Canada,2002,21.7247007986965,WDI
03_CDA,Canada,2003,21.9437421731044,WDI
03_CDA,Canada,2004,23.6604863582273,WDI
03_CDA,Canada,2005,24.4515477349026,WDI
03_CDA,Canada,2006,24.6167836170461,WDI
03_CDA,Canada,2007,24.4043195574877,WDI
03_CDA,Canada,2008,24.2473507737597,WDI
03_CDA,Canada,2009,18.5199781161218,WDI
03_CDA,Canada,2010,19.3124605468573,WDI
03_CDA,Canada,2011,20.8570036017058,WDI
03_CDA,Canada,2012,20.9180313649159,WDI
03_CDA,Canada,2013,21.597457353518,WDI
03_CDA,Canada,2014,22.1484716896255,WDI
03_CDA,Canada,2015,19.5693439682533,WDI
03_CDA,Canada,2016,19.1464356668973,WDI
03_CDA,Canada,2017,19.8452346358057,WDI
03_CDA,Canada,2018,19.5829137118093,WDI
03_CDA,Canada,2019,20.2615901974042,WDI
03_CDA,Canada,2020,19.4618627087878,WDI
03_CDA,Canada,2021,23.3033943883775,WDI
03_CDA,Canada,2022,23.9113346243855,WDI
03_CDA,Canada,2023,21.915171696638,WDI
03_CDA,Canada,2024,21.3282777316351,WDI
03_CDA,Canada,2025,22.2253838949222,WDI
04_CHL,Chile,1990,24.3290776390403,WDI
04_CHL,Chile,1991,23.4480570467047,WDI
04_CHL,Chile,1992,22.8071945542299,WDI
04_CHL,Chile,1993,22.2682123147593,WDI
04_CHL,Chile,1994,22.1204981483329,WDI
04_CHL,Chile,1995,24.6205748249686,WDI
04_CHL,Chile,1996,25.3183250176561,WDI
04_CHL,Chile,1997,25.0763604901302,WDI
04_CHL,Chile,1998,23.394979013313,WDI
04_CHL,Chile,1999,22.4833163552083,WDI
04_CHL,Chile,2000,22.5017238796311,WDI
04_CHL,Chile,2001,22.9540058130082,WDI
04_CHL,Chile,2002,23.1216893179353,WDI
04_CHL,Chile,2003,23.5378279968254,WDI
04_CHL,Chile,2004,24.4277327681936,WDI
04_CHL,Chile,2005,25.1302098186106,WDI
04_CHL,Chile,2006,27.6498812574935,WDI
04_CHL,Chile,2007,27.4342310839715,WDI
04_CHL,Chile,2008,24.1492079294954,WDI
04_CHL,Chile,2009,24.2769384382053,WDI
04_CHL,Chile,2010,25.6276932578206,WDI
04_CHL,Chile,2011,21.6861213065377,WDI
04_CHL,Chile,2012,23.4686626230969,WDI
04_CHL,Chile,2013,22.6663184541001,WDI
04_CHL,Chile,2014,21.6794787310798,WDI
04_CHL,Chile,2015,22.7338612948598,WDI
04_CHL,Chile,2016,21.0878070381514,WDI
04_CHL,Chile,2017,19.8421253926699,WDI
04_CHL,Chile,2018,19.603708780321,WDI
04_CHL,Chile,2019,19.6831488302629,WDI
04_CHL,Chile,2020,19.0916016250211,WDI
04_CHL,Chile,2021,16.6899038524225,WDI
04_CHL,Chile,2022,16.8318722707056,WDI
04_CHL,Chile,2023,20.1458143576453,WDI
04_CHL,Chile,2024,21.9478492548433,WDI
04_CHL,Chile,2025,22.8146737618207,WDI
05_PRC,China,1990,36.6228275584888,WDI
05_PRC,China,1991,38.4279725792786,WDI
05_PRC,China,1992,40.5262148478143,WDI
05_PRC,China,1993,41.5944567821618,WDI
05_PRC,China,1994,41.5641800595348,WDI
05_PRC,China,1995,39.3812636762869,WDI
05_PRC,China,1996,38.5813284832836,WDI
05_PRC,China,1997,39.5469344798754,WDI
05_PRC,China,1998,38.1766453804451,WDI
05_PRC,China,1999,36.3928397912428,WDI
05_PRC,China,2000,35.5826474435708,WDI
05_PRC,China,2001,37.0775585847377,WDI
05_PRC,China,2002,38.6609215616113,WDI
05_PRC,China,2003,42.1609224814857,WDI
05_PRC,China,2004,45.3715794530289,WDI
05_PRC,China,2005,45.5417056569754,WDI
05_PRC,China,2006,47.7875413024031,WDI
05_PRC,China,2007,49.7906549255041,WDI
05_PRC,China,2008,51.2655667529843,WDI
05_PRC,China,2009,49.8735875934712,WDI
05_PRC,China,2010,50.7951259924622,WDI
05_PRC,China,2011,48.6410622284448,WDI
05_PRC,China,2012,48.1956233738576,WDI
05_PRC,China,2013,47.0363460228068,WDI
05_PRC,China,2014,47.2736238197056,WDI
05_PRC,China,2015,45.1016053776732,WDI
05_PRC,China,2016,43.8678663976574,WDI
05_PRC,China,2017,44.3202552812278,WDI
05_PRC,China,2018,43.7715764233009,WDI
05_PRC,China,2019,43.2925997301417,WDI
05_PRC,China,2020,43.4998633494291,WDI
05_PRC,China,2021,44.679938707538,WDI
05_PRC,China,2022,44.8335710565362,WDI
05_PRC,China,2023,42.5717088559186,WDI
05_PRC,China,2024,42.7150109198495,WDI
05_PRC,China,2025,42.5150109198495,WDI seeded and projected to 2025
06_HKC,"Hong Kong, China",1998,30.7030030751778,WDI
06_HKC,"Hong Kong, China",1999,31.4161171620656,WDI
06_HKC,"Hong Kong, China",2000,31.9780511659929,WDI
06_HKC,"Hong Kong, China",2001,31.6255941521679,WDI
06_HKC,"Hong Kong, China",2002,31.0734031351075,WDI
06_HKC,"Hong Kong, China",2003,33.165804594575,WDI
06_HKC,"Hong Kong, China",2004,32.3057899681093,WDI
06_HKC,"Hong Kong, China",2005,32.9408898770809,WDI
06_HKC,"Hong Kong, China",2006,34.9776120007146,WDI
06_HKC,"Hong Kong, China",2007,34.4167444929359,WDI
06_HKC,"Hong Kong, China",2008,36.0229572153312,WDI
06_HKC,"Hong Kong, China",2009,31.7309332729078,WDI
06_HKC,"Hong Kong, China",2010,30.891865807468,WDI
06_HKC,"Hong Kong, China",2011,29.7011051351653,WDI
06_HKC,"Hong Kong, China",2012,26.7984114975549,WDI
06_HKC,"Hong Kong, China",2013,25.5491717088387,WDI
06_HKC,"Hong Kong, China",2014,25.2142312299062,WDI
06_HKC,"Hong Kong, China",2015,24.8585789100752,WDI
06_HKC,"Hong Kong, China",2016,25.4616417796271,WDI
06_HKC,"Hong Kong, China",2017,26.6501787796092,WDI
06_HKC,"Hong Kong, China",2018,25.7310777729923,WDI
06_HKC,"Hong Kong, China",2019,24.0416524248707,WDI
06_HKC,"Hong Kong, China",2020,25.971076793207,WDI
06_HKC,"Hong Kong, China",2021,28.6115730628268,WDI
06_HKC,"Hong Kong, China",2022,25.4135629636503,WDI
06_HKC,"Hong Kong, China",2023,24.5682777286107,WDI
06_HKC,"Hong Kong, China",2024,29.1997395110885,WDI
06_HKC,"Hong Kong, China",2025,28.999739511088496,WDI seeded and projected to 2025
07_INA,Indonesia,1990,22.4536417723066,WDI
07_INA,Indonesia,1991,22.0730005134311,WDI
07_INA,Indonesia,1992,23.3004216565436,WDI
07_INA,Indonesia,1993,28.9981474546343,WDI
07_INA,Indonesia,1994,29.8716953233965,WDI
07_INA,Indonesia,1995,28.1384618646814,WDI
07_INA,Indonesia,1996,27.8080799259437,WDI
07_INA,Indonesia,1997,29.0309412324569,WDI
07_INA,Indonesia,1998,22.4224923294215,WDI
07_INA,Indonesia,1999,13.2018044083338,WDI
07_INA,Indonesia,2000,26.2868992080315,WDI
07_INA,Indonesia,2001,27.1997939280408,WDI
07_INA,Indonesia,2002,23.0174077823404,WDI
07_INA,Indonesia,2003,20.6840503559517,WDI
07_INA,Indonesia,2004,20.7642899473513,WDI
07_INA,Indonesia,2005,24.3384866318462,WDI
07_INA,Indonesia,2006,25.7771435873662,WDI
07_INA,Indonesia,2007,25.1791234447947,WDI
07_INA,Indonesia,2008,28.45241261442,WDI
07_INA,Indonesia,2009,29.0563767984661,WDI
07_INA,Indonesia,2010,32.7274229888351,WDI
07_INA,Indonesia,2011,33.2200730493007,WDI
07_INA,Indonesia,2012,31.9853697689232,WDI
07_INA,Indonesia,2013,31.1217666400168,WDI
07_INA,Indonesia,2014,30.6689094593309,WDI
07_INA,Indonesia,2015,30.1233564897489,WDI
07_INA,Indonesia,2016,29.9227683259243,WDI
07_INA,Indonesia,2017,30.8783634343379,WDI
07_INA,Indonesia,2018,31.6805227940956,WDI
07_INA,Indonesia,2019,30.9027135119119,WDI
07_INA,Indonesia,2020,29.2246087288697,WDI
07_INA,Indonesia,2021,32.9372955843682,WDI
07_INA,Indonesia,2022,37.0041185901717,WDI
07_INA,Indonesia,2023,35.8619339722029,WDI
07_INA,Indonesia,2024,34.6828714970206,WDI
07_INA,Indonesia,2025,35.043148493834,WDI
08_JPN,Japan,1996,34.9028066172581,WDI
08_JPN,Japan,1997,34.711887285779,WDI
08_JPN,Japan,1998,33.437724649378,WDI
08_JPN,Japan,1999,31.674563296157,WDI
08_JPN,Japan,2000,32.226897643242,WDI
08_JPN,Japan,2001,30.9468310340449,WDI
08_JPN,Japan,2002,29.7659095325359,WDI
08_JPN,Japan,2003,29.8104602122409,WDI
08_JPN,Japan,2004,30.3046804780382,WDI
08_JPN,Japan,2005,30.435900399459,WDI
08_JPN,Japan,2006,30.7861914859199,WDI
08_JPN,Japan,2007,31.3337221106681,WDI
08_JPN,Japan,2008,29.7016885393561,WDI
08_JPN,Japan,2009,26.3633389932188,WDI
08_JPN,Japan,2010,27.3250376618032,WDI
08_JPN,Japan,2011,26.4765417956248,WDI
08_JPN,Japan,2012,25.8689648374274,WDI
08_JPN,Japan,2013,26.1985175657253,WDI
08_JPN,Japan,2014,27.0705807856305,WDI
08_JPN,Japan,2015,29.5062296371995,WDI
08_JPN,Japan,2016,30.0504260277434,WDI
08_JPN,Japan,2017,30.6225132962492,WDI
08_JPN,Japan,2018,30.5434682630387,WDI
08_JPN,Japan,2019,30.6240011045675,WDI
08_JPN,Japan,2020,29.732609381488,WDI
08_JPN,Japan,2021,31.013077665037,WDI
08_JPN,Japan,2022,30.2224047860993,WDI
08_JPN,Japan,2023,31.3839931639213,WDI
08_JPN,Japan,2024,32.0592419328935,WDI
08_JPN,Japan,2025,31.8592419328935,WDI seeded and projected to 2025
09_ROK,Korea,1990,39.5635527605284,WDI
09_ROK,Korea,1991,39.5133002441543,WDI
09_ROK,Korea,1992,38.5936448396194,WDI
09_ROK,Korea,1993,38.5750825592434,WDI
09_ROK,Korea,1994,38.1292006889204,WDI
09_ROK,Korea,1995,37.8646842551745,WDI
09_ROK,Korea,1996,36.0579363575205,WDI
09_ROK,Korea,1997,35.9818858635509,WDI
09_ROK,Korea,1998,37.881733500966,WDI
09_ROK,Korea,1999,35.6258526449506,WDI
09_ROK,Korea,2000,34.1523016364387,WDI
09_ROK,Korea,2001,32.3069789406776,WDI
09_ROK,Korea,2002,31.7224565569361,WDI
09_ROK,Korea,2003,33.0859200866618,WDI
09_ROK,Korea,2004,35.5253578218517,WDI
09_ROK,Korea,2005,33.8405960110945,WDI
09_ROK,Korea,2006,32.8912214742854,WDI
09_ROK,Korea,2007,33.4309889399337,WDI
09_ROK,Korea,2008,33.2480829152876,WDI
09_ROK,Korea,2009,33.13093501319,WDI
09_ROK,Korea,2010,34.9926210564103,WDI
09_ROK,Korea,2011,34.3761288710455,WDI
09_ROK,Korea,2012,34.336867195596,WDI
09_ROK,Korea,2013,34.5161248108137,WDI
09_ROK,Korea,2014,34.5717402109559,WDI
09_ROK,Korea,2015,35.8343334005639,WDI
09_ROK,Korea,2016,36.2906518682135,WDI
09_ROK,Korea,2017,36.4505350479154,WDI
09_ROK,Korea,2018,35.3783014506542,WDI
09_ROK,Korea,2019,34.2941170155552,WDI
09_ROK,Korea,2020,35.7761638265864,WDI
09_ROK,Korea,2021,36.6043931161577,WDI
09_ROK,Korea,2022,34.3078343934928,WDI
09_ROK,Korea,2023,33.3597970548711,WDI
09_ROK,Korea,2024,35.0305415292226,WDI
09_ROK,Korea,2025,35.5988152959013,WDI
10_MAS,Malaysia,1990,30.3826806963327,WDI
10_MAS,Malaysia,1991,29.2782620146207,WDI
10_MAS,Malaysia,1992,31.6964750314478,WDI
10_MAS,Malaysia,1993,34.7131723521145,WDI
10_MAS,Malaysia,1994,35.0914161292647,WDI
10_MAS,Malaysia,1995,33.8932551687612,WDI
10_MAS,Malaysia,1996,37.0407234800784,WDI
10_MAS,Malaysia,1997,37.0205449212701,WDI
10_MAS,Malaysia,1998,39.8491589952669,WDI
10_MAS,Malaysia,1999,38.305980768975,WDI
10_MAS,Malaysia,2000,35.9173795808654,WDI
10_MAS,Malaysia,2001,32.2517790339186,WDI
10_MAS,Malaysia,2002,32.7350846657081,WDI
10_MAS,Malaysia,2003,34.8526514617844,WDI
10_MAS,Malaysia,2004,35.1374966248144,WDI
10_MAS,Malaysia,2005,36.8157549507862,WDI
10_MAS,Malaysia,2006,38.7964745148433,WDI
10_MAS,Malaysia,2007,38.7668425775513,WDI
10_MAS,Malaysia,2008,38.5177080119428,WDI
10_MAS,Malaysia,2009,33.3634416267683,WDI
10_MAS,Malaysia,2010,33.4664682988521,WDI
10_MAS,Malaysia,2011,34.0818029856008,WDI
10_MAS,Malaysia,2012,30.9153494882722,WDI
10_MAS,Malaysia,2013,29.4198401146816,WDI
10_MAS,Malaysia,2014,29.3665669513565,WDI
10_MAS,Malaysia,2015,28.3991476426936,WDI
10_MAS,Malaysia,2016,28.3850019206649,WDI
10_MAS,Malaysia,2017,28.3359876066459,WDI
10_MAS,Malaysia,2018,26.1283247399226,WDI
10_MAS,Malaysia,2019,24.546150625052,WDI
10_MAS,Malaysia,2020,23.8210614819294,WDI
10_MAS,Malaysia,2021,26.0099609240741,WDI
10_MAS,Malaysia,2022,26.7807789507514,WDI
10_MAS,Malaysia,2023,23.8583516969162,WDI
10_MAS,Malaysia,2024,23.3780820262118,WDI
10_MAS,Malaysia,2025,23.3780820262118,WDI seeded and projected to 2025
11_MEX,Mexico,1990,19.8222343593874,WDI
11_MEX,Mexico,1991,18.2158319682238,WDI
11_MEX,Mexico,1992,16.4462619037251,WDI
11_MEX,Mexico,1993,18.8495783931937,WDI
11_MEX,Mexico,1994,19.1881563541485,WDI
11_MEX,Mexico,1995,20.6941261524377,WDI
11_MEX,Mexico,1996,21.3048889067367,WDI
11_MEX,Mexico,1997,21.8274702525933,WDI
11_MEX,Mexico,1998,22.5673874506878,WDI
11_MEX,Mexico,1999,22.5053913556409,WDI
11_MEX,Mexico,2000,20.8600148446395,WDI
11_MEX,Mexico,2001,20.8045452155785,WDI
11_MEX,Mexico,2002,20.5603787774467,WDI
11_MEX,Mexico,2003,19.782320864365,WDI
11_MEX,Mexico,2004,21.4684386553467,WDI
11_MEX,Mexico,2005,19.66514053036,WDI
11_MEX,Mexico,2006,21.8950677333074,WDI
11_MEX,Mexico,2007,21.5882388048939,WDI
11_MEX,Mexico,2008,20.405125308709,WDI
11_MEX,Mexico,2009,20.3574258395666,WDI
11_MEX,Mexico,2010,19.1230801275762,WDI
11_MEX,Mexico,2011,19.2529097567633,WDI
11_MEX,Mexico,2012,19.1609504944166,WDI
11_MEX,Mexico,2013,16.36445681263,WDI
11_MEX,Mexico,2014,16.8470848769093,WDI
11_MEX,Mexico,2015,18.515549158143,WDI
11_MEX,Mexico,2016,19.384966743581,WDI
11_MEX,Mexico,2017,20.6161724297524,WDI
11_MEX,Mexico,2018,21.49505806165,WDI
11_MEX,Mexico,2019,21.8054202744074,WDI
11_MEX,Mexico,2020,22.1927981725641,WDI
11_MEX,Mexico,2021,21.6797240995638,WDI
11_MEX,Mexico,2022,20.0126087965779,WDI
11_MEX,Mexico,2023,19.9269884427126,WDI
11_MEX,Mexico,2024,18.4225686840893,WDI
11_MEX,Mexico,2025,18.2575535645909,WDI
12_NZ,New Zealand,2000,19.7746053146032,WDI
12_NZ,New Zealand,2001,21.7888599913365,WDI
12_NZ,New Zealand,2002,20.8536371420551,WDI
12_NZ,New Zealand,2003,21.3357225941397,WDI
12_NZ,New Zealand,2004,20.0302441455003,WDI
12_NZ,New Zealand,2005,17.6910746297353,WDI
12_NZ,New Zealand,2006,17.0080900749185,WDI
12_NZ,New Zealand,2007,18.0473595021003,WDI
12_NZ,New Zealand,2008,15.9099268780347,WDI
12_NZ,New Zealand,2009,18.3789054944526,WDI
12_NZ,New Zealand,2010,17.7333268313253,WDI
12_NZ,New Zealand,2011,17.5804229030309,WDI
12_NZ,New Zealand,2012,17.6459958412175,WDI
12_NZ,New Zealand,2013,19.7131637239142,WDI
12_NZ,New Zealand,2014,19.7687759617059,WDI
12_NZ,New Zealand,2015,20.8829128204934,WDI
12_NZ,New Zealand,2016,20.7129497285824,WDI
12_NZ,New Zealand,2017,20.768621578362,WDI
12_NZ,New Zealand,2018,20.0928258867102,WDI
12_NZ,New Zealand,2019,21.4827262717104,WDI
12_NZ,New Zealand,2020,20.6816204705713,WDI
12_NZ,New Zealand,2021,18.6886565090577,WDI
12_NZ,New Zealand,2022,17.9987943013408,WDI
12_NZ,New Zealand,2023,18.5522226526172,WDI
12_NZ,New Zealand,2024,18.9451802917386,WDI
12_NZ,New Zealand,2025,19.145180291738598,WDI seeded and projected to 2025
13_PNG,Papua New Guinea,1990,17.1227925491283,WDI
13_PNG,Papua New Guinea,1991,21.1222107992533,WDI
13_PNG,Papua New Guinea,1992,20.7395892005851,WDI
13_PNG,Papua New Guinea,1993,25.4759839049875,WDI
13_PNG,Papua New Guinea,1994,28.0654077363039,WDI
13_PNG,Papua New Guinea,1995,35.1486857574119,WDI
13_PNG,Papua New Guinea,1996,26.2088923734518,WDI
13_PNG,Papua New Guinea,1997,14.8325203336228,WDI
13_PNG,Papua New Guinea,1998,18.4081793837627,WDI
13_PNG,Papua New Guinea,1999,18.8789329853439,WDI
13_PNG,Papua New Guinea,2000,32.479973088132,WDI
13_PNG,Papua New Guinea,2001,28.3485704115071,WDI
13_PNG,Papua New Guinea,2002,22.9407237952159,WDI
13_PNG,Papua New Guinea,2003,30.4588187520294,WDI
13_PNG,Papua New Guinea,2004,30.4211496284667,WDI
13_PNG,Papua New Guinea,2005,30.221149628466698,WDI seeded and projected to 2025
13_PNG,Papua New Guinea,2006,30.0211496284667,WDI seeded and projected to 2025
13_PNG,Papua New Guinea,2007,29.8211496284667,WDI seeded and projected to 2025
13_PNG,Papua New Guinea,2008,29.621149628466696,WDI seeded and projected to 2025
13_PNG,Papua New Guinea,2009,29.421149628466697,WDI seeded and projected to 2025
13_PNG,Papua New Guinea,2010,29.221149628466698,WDI seeded and projected to 2025
13_PNG,Papua New Guinea,2011,29.0211496284667,WDI seeded and projected to 2025
13_PNG,Papua New Guinea,2012,28.821149628466696,WDI seeded and projected to 2025
13_PNG,Papua New Guinea,2013,28.621149628466696,WDI seeded and projected to 2025
13_PNG,Papua New Guinea,2014,28.421149628466697,WDI seeded and projected to 2025
13_PNG,Papua New Guinea,2015,28.221149628466698,WDI seeded and projected to 2025
13_PNG,Papua New Guinea,2016,28.021149628466695,WDI seeded and projected to 2025
13_PNG,Papua New Guinea,2017,27.821149628466696,WDI seeded and projected to 2025
13_PNG,Papua New Guinea,2018,27.621149628466696,WDI seeded and projected to 2025
13_PNG,Papua New Guinea,2019,27.421149628466697,WDI seeded and projected to 2025
13_PNG,Papua New Guinea,2020,27.221149628466694,WDI seeded and projected to 2025
13_PNG,Papua New Guinea,2021,27.021149628466695,WDI seeded and projected to 2025
13_PNG,Papua New Guinea,2022,26.821149628466696,WDI seeded and projected to 2025
13_PNG,Papua New Guinea,2023,26.621149628466696,WDI seeded and projected to 2025
13_PNG,Papua New Guinea,2024,26.421149628466694,WDI seeded and projected to 2025
13_PNG,Papua New Guinea,2025,26.221149628466694,WDI seeded and projected to 2025
14_PE,Peru,1990,13.0540458697492,WDI
14_PE,Peru,1991,13.9572812035463,WDI
14_PE,Peru,1992,13.090892305614,WDI
14_PE,Peru,1993,13.3494755950289,WDI
14_PE,Peru,1994,16.7654806087236,WDI
14_PE,Peru,1995,16.3892760696641,WDI
14_PE,Peru,1996,16.2584704238878,WDI
14_PE,Peru,1997,18.2567579801323,WDI
14_PE,Peru,1998,17.7514260858085,WDI
14_PE,Peru,1999,18.3962325335462,WDI
14_PE,Peru,2000,17.3193794611689,WDI
14_PE,Peru,2001,16.6647975093251,WDI
14_PE,Peru,2002,16.951753375854,WDI
14_PE,Peru,2003,16.8011088028699,WDI
14_PE,Peru,2004,17.8372556948338,WDI
14_PE,Peru,2005,19.7420734267914,WDI
14_PE,Peru,2006,23.3266563655985,WDI
14_PE,Peru,2007,24.1164184752208,WDI
14_PE,Peru,2008,22.7511768658313,WDI
14_PE,Peru,2009,20.9204419173752,WDI
14_PE,Peru,2010,22.4461433705974,WDI
14_PE,Peru,2011,23.7001028548684,WDI
14_PE,Peru,2012,22.9002750663299,WDI
14_PE,Peru,2013,22.4969888227911,WDI
14_PE,Peru,2014,21.1979959046743,WDI
14_PE,Peru,2015,20.6143765604293,WDI
14_PE,Peru,2016,20.3904273609102,WDI
14_PE,Peru,2017,20.6034486666787,WDI
14_PE,Peru,2018,20.3807607031026,WDI
14_PE,Peru,2019,20.7009672893936,WDI
14_PE,Peru,2020,19.8460263182175,WDI
14_PE,Peru,2021,20.2171352561774,WDI
14_PE,Peru,2022,18.3115670069229,WDI
14_PE,Peru,2023,20.2439247198168,WDI
14_PE,Peru,2024,22.6251319391328,WDI
14_PE,Peru,2025,24.0476183890493,WDI
15_PHL,Philippines,1990,22.4397324368827,WDI
15_PHL,Philippines,1991,20.9940259165043,WDI
15_PHL,Philippines,1992,20.7100674276883,WDI
15_PHL,Philippines,1993,20.3512734374584,WDI
15_PHL,Philippines,1994,22.4209070619903,WDI
15_PHL,Philippines,1995,21.9351325155766,WDI
15_PHL,Philippines,1996,22.4067471448509,WDI
15_PHL,Philippines,1997,23.9122337867866,WDI
15_PHL,Philippines,1998,29.6191580479745,WDI
15_PHL,Philippines,1999,35.9678010817108,WDI
15_PHL,Philippines,2000,33.3916737451306,WDI
15_PHL,Philippines,2001,34.6236833401699,WDI
15_PHL,Philippines,2002,35.2688442852804,WDI
15_PHL,Philippines,2003,35.6099556982049,WDI
15_PHL,Philippines,2004,36.2292309162938,WDI
15_PHL,Philippines,2005,37.7714550955846,WDI
15_PHL,Philippines,2006,37.2282016275856,WDI
15_PHL,Philippines,2007,36.7544223626749,WDI
15_PHL,Philippines,2008,36.0222747408748,WDI
15_PHL,Philippines,2009,37.9486917120278,WDI
15_PHL,Philippines,2010,39.7514910839799,WDI
15_PHL,Philippines,2011,36.8750710888523,WDI
15_PHL,Philippines,2012,35.1328493512711,WDI
15_PHL,Philippines,2013,36.3544017148818,WDI
15_PHL,Philippines,2014,37.3474479713157,WDI
15_PHL,Philippines,2015,35.6348333700962,WDI
15_PHL,Philippines,2016,35.0547724231085,WDI
15_PHL,Philippines,2017,35.4886316753905,WDI
15_PHL,Philippines,2018,33.8070507208738,WDI
15_PHL,Philippines,2019,31.7551872075089,WDI
15_PHL,Philippines,2020,24.8181733606399,WDI
15_PHL,Philippines,2021,20.2029188331693,WDI
15_PHL,Philippines,2022,22.4737175447068,WDI
15_PHL,Philippines,2023,27.3405418997346,WDI
15_PHL,Philippines,2024,29.1320470859788,WDI
15_PHL,Philippines,2025,30.1126617213724,WDI
16_RUS,Russia,1994,29.576019747851,WDI
16_RUS,Russia,1995,28.0227088726174,WDI
16_RUS,Russia,1996,27.1159226042149,WDI
16_RUS,Russia,1997,21.9453568046979,WDI
16_RUS,Russia,1998,19.3235081435628,WDI
16_RUS,Russia,1999,28.2459905455541,WDI
16_RUS,Russia,2000,36.1542075558736,WDI
16_RUS,Russia,2001,32.5129186409687,WDI
16_RUS,Russia,2002,28.774776224551,WDI
16_RUS,Russia,2003,28.2662385584185,WDI
16_RUS,Russia,2004,30.2604397434939,WDI
16_RUS,Russia,2005,30.5465768219055,WDI
16_RUS,Russia,2006,30.6608764968892,WDI
16_RUS,Russia,2007,31.2668546897582,WDI
16_RUS,Russia,2008,30.063881910679,WDI
16_RUS,Russia,2009,20.8762043653616,WDI
16_RUS,Russia,2010,26.283714313898,WDI
16_RUS,Russia,2011,28.7575643096851,WDI
16_RUS,Russia,2012,27.2441713507904,WDI
16_RUS,Russia,2013,24.2820958381877,WDI
16_RUS,Russia,2014,24.5121808211262,WDI
16_RUS,Russia,2015,26.366709537342,WDI
16_RUS,Russia,2016,25.0134122865718,WDI
16_RUS,Russia,2017,25.6686851355845,WDI
16_RUS,Russia,2018,28.9492684952112,WDI
16_RUS,Russia,2019,26.5372798751328,WDI
16_RUS,Russia,2020,25.7684981515278,WDI
16_RUS,Russia,2021,29.8125329121196,WDI
16_RUS,Russia,2022,33.3939222918452,WDI
16_RUS,Russia,2023,30.2888471082987,WDI
16_RUS,Russia,2024,30.841114469031,WDI
16_RUS,Russia,2025,28.6401351543644,WDI
17_SGP,Singapore,1990,43.7346820122541,WDI
17_SGP,Singapore,1991,44.9742348070061,WDI
17_SGP,Singapore,1992,46.9931769374517,WDI
17_SGP,Singapore,1993,44.3689996647096,WDI
17_SGP,Singapore,1994,48.0937388256663,WDI
17_SGP,Singapore,1995,50.5941912194197,WDI
17_SGP,Singapore,1996,48.8767626927082,WDI
17_SGP,Singapore,1997,52.3004833795433,WDI
17_SGP,Singapore,1998,51.3496086513825,WDI
17_SGP,Singapore,1999,48.9122577264388,WDI
17_SGP,Singapore,2000,46.3748639816815,WDI
17_SGP,Singapore,2001,40.0817720006283,WDI
17_SGP,Singapore,2002,38.4280208891596,WDI
17_SGP,Singapore,2003,39.398793615194,WDI
17_SGP,Singapore,2004,40.6143506457402,WDI
17_SGP,Singapore,2005,43.62664151037,WDI
17_SGP,Singapore,2006,48.1685207360732,WDI
17_SGP,Singapore,2007,49.970919838469,WDI
17_SGP,Singapore,2008,44.3584688806777,WDI
17_SGP,Singapore,2009,43.8631060213423,WDI
17_SGP,Singapore,2010,50.5915809058007,WDI
17_SGP,Singapore,2011,48.8092109004309,WDI
17_SGP,Singapore,2012,47.2531022096686,WDI
17_SGP,Singapore,2013,45.5156971062719,WDI
17_SGP,Singapore,2014,47.2950477994746,WDI
17_SGP,Singapore,2015,44.0462153091754,WDI
17_SGP,Singapore,2016,45.2357210400528,WDI
17_SGP,Singapore,2017,46.6182575489954,WDI
17_SGP,Singapore,2018,41.4218332441414,WDI
17_SGP,Singapore,2019,39.9868811642176,WDI
17_SGP,Singapore,2020,42.0805317790255,WDI
17_SGP,Singapore,2021,44.1544994049441,WDI
17_SGP,Singapore,2022,41.9202431450759,WDI
17_SGP,Singapore,2023,37.8776158568895,WDI
17_SGP,Singapore,2024,40.4512885852667,WDI
17_SGP,Singapore,2025,39.9756209143373,WDI
19_THA,Thailand,1990,32.8268187108862,WDI
19_THA,Thailand,1991,34.528016169832,WDI
19_THA,Thailand,1992,34.0199054218324,WDI
19_THA,Thailand,1993,35.9403785639628,WDI
19_THA,Thailand,1994,35.8027071005383,WDI
19_THA,Thailand,1995,35.8028117053841,WDI
19_THA,Thailand,1996,34.6035201809033,WDI
19_THA,Thailand,1997,32.2545975091173,WDI
19_THA,Thailand,1998,31.7437445056457,WDI
19_THA,Thailand,1999,30.4552375675406,WDI
19_THA,Thailand,2000,30.7820937245273,WDI
19_THA,Thailand,2001,28.2255095772685,WDI
19_THA,Thailand,2002,28.103890614555,WDI
19_THA,Thailand,2003,27.9738396418452,WDI
19_THA,Thailand,2004,27.8994841062468,WDI
19_THA,Thailand,2005,28.2409524233023,WDI
19_THA,Thailand,2006,30.4451483129011,WDI
19_THA,Thailand,2007,32.2498340915576,WDI
19_THA,Thailand,2008,30.6620557262506,WDI
19_THA,Thailand,2009,29.2740607965439,WDI
19_THA,Thailand,2010,29.6275906793853,WDI
19_THA,Thailand,2011,31.4339629664977,WDI
19_THA,Thailand,2012,28.9313113964315,WDI
19_THA,Thailand,2013,27.2207671462189,WDI
19_THA,Thailand,2014,27.4850789547057,WDI
19_THA,Thailand,2015,28.043823657924,WDI
19_THA,Thailand,2016,30.0765044478694,WDI
19_THA,Thailand,2017,31.9424672317789,WDI
19_THA,Thailand,2018,31.6865849444729,WDI
19_THA,Thailand,2019,31.7166115590555,WDI
19_THA,Thailand,2020,28.2586166665329,WDI
19_THA,Thailand,2021,27.6338609938632,WDI
19_THA,Thailand,2022,26.4000592714881,WDI
19_THA,Thailand,2023,25.6220712409329,WDI
19_THA,Thailand,2024,24.0895812398268,WDI
19_THA,Thailand,2025,23.9345935096814,WDI
20_USA,United States of America,1990,18.7592652466551,WDI
20_USA,United States of America,1991,18.814188530315,WDI
20_USA,United States of America,1992,17.6880246956939,WDI
20_USA,United States of America,1993,17.051004445686,WDI
20_USA,United States of America,1994,17.8617050415274,WDI
20_USA,United States of America,1995,18.7589369755472,WDI
20_USA,United States of America,1996,19.6511225768668,WDI
20_USA,United States of America,1997,20.8476579331725,WDI
20_USA,United States of America,1998,21.3905003267748,WDI
20_USA,United States of America,1999,20.9261032821343,WDI
20_USA,United States of America,2000,20.8133351907218,WDI
20_USA,United States of America,2001,19.6572760977701,WDI
20_USA,United States of America,2002,18.3808596273365,WDI
20_USA,United States of America,2003,17.4287148287646,WDI
20_USA,United States of America,2004,17.7331607023412,WDI
20_USA,United States of America,2005,18.1224580010564,WDI
20_USA,United States of America,2006,19.199754364329,WDI
20_USA,United States of America,2007,17.427948488859,WDI
20_USA,United States of America,2008,15.0588069137003,WDI
20_USA,United States of America,2009,13.8930493967185,WDI
20_USA,United States of America,2010,15.3832511206248,WDI
20_USA,United States of America,2011,16.3373255386695,WDI
20_USA,United States of America,2012,18.3792944123805,WDI
20_USA,United States of America,2013,18.5633187946246,WDI
20_USA,United States of America,2014,19.656661027986,WDI
20_USA,United States of America,2015,19.6984272057875,WDI
20_USA,United States of America,2016,18.5586926139993,WDI
20_USA,United States of America,2017,18.9790569108808,WDI
20_USA,United States of America,2018,19.2309245179584,WDI
20_USA,United States of America,2019,19.4296726896058,WDI
20_USA,United States of America,2020,18.3841091960382,WDI
20_USA,United States of America,2021,17.7191305020369,WDI
20_USA,United States of America,2022,18.2901078480764,WDI
20_USA,United States of America,2023,17.1362533011054,WDI
20_USA,United States of America,2024,16.6047608757631,WDI
20_USA,United States of America,2025,16.804760875763098,WDI seeded and projected to 2025
21_VN,Viet Nam,1996,21.196503227514,WDI
21_VN,Viet Nam,1997,21.7955061723789,WDI
21_VN,Viet Nam,1998,23.3447998293709,WDI
21_VN,Viet Nam,1999,26.8713762086002,WDI
21_VN,Viet Nam,2000,31.2477933126531,WDI
21_VN,Viet Nam,2001,31.3018955804133,WDI
21_VN,Viet Nam,2002,32.5276745084571,WDI
21_VN,Viet Nam,2003,31.4932205734823,WDI
21_VN,Viet Nam,2004,33.4663826860355,WDI
21_VN,Viet Nam,2005,33.0750336525299,WDI
21_VN,Viet Nam,2006,33.3307633776547,WDI
21_VN,Viet Nam,2007,31.8402168926241,WDI
21_VN,Viet Nam,2008,27.9004725574194,WDI
21_VN,Viet Nam,2009,27.5027461713316,WDI
21_VN,Viet Nam,2010,33.4362082984551,WDI
21_VN,Viet Nam,2011,35.7658995890204,WDI
21_VN,Viet Nam,2012,34.8650174309066,WDI
21_VN,Viet Nam,2013,33.201341895001,WDI
21_VN,Viet Nam,2014,32.9915517464879,WDI
21_VN,Viet Nam,2015,28.0729400269014,WDI
21_VN,Viet Nam,2016,28.4694474915156,WDI
21_VN,Viet Nam,2017,28.8568707708552,WDI
21_VN,Viet Nam,2018,30.9316977896393,WDI
21_VN,Viet Nam,2019,31.3330314964469,WDI
21_VN,Viet Nam,2020,33.0073258956685,WDI
21_VN,Viet Nam,2021,32.5963636488186,WDI
21_VN,Viet Nam,2022,33.0480243558189,WDI
21_VN,Viet Nam,2023,35.0029432211294,WDI
21_VN,Viet Nam,2024,37.0411480009622,WDI
21_VN,Viet Nam,2025,36.84114800096221,WDI seeded and projected to 2025
