year,economy_code,economy,labour,efficiency
1990,08_JPN,Japan,123164.512,13.875875647011444
1991,08_JPN,Japan,123635.017,14.136349082434801
1992,08_JPN,Japan,124144.724,13.865564283086746
1993,08_JPN,Japan,124622.691,13.354876588684142
1994,08_JPN,Japan,125057.225,13.230300400004268
1995,08_JPN,Japan,125516.496,13.417329457355187
1996,08_JPN,Japan,125828.834,13.74580535088453
1997,08_JPN,Japan,126121.77,13.700292253794506
1998,08_JPN,Japan,126410.088,13.082033611611367
1999,08_JPN,Japan,126688.274,12.775741814096163
2000,08_JPN,Japan,126914.854,13.177625569561148
2001,08_JPN,Japan,127140.724,13.056310207769432
2002,08_JPN,Japan,127379.572,12.917831093281166
2003,08_JPN,Japan,127589.624,13.089786712615393
2004,08_JPN,Japan,127752.879,13.428757753287167
2005,08_JPN,Japan,127878.669,13.704105556120387
2006,08_JPN,Japan,127947.992,13.917268749614141
2007,08_JPN,Japan,128046.503,14.186311805220752
2008,08_JPN,Japan,128128.861,13.826851870766255
2009,08_JPN,Japan,128183.119,12.486807335736408
2010,08_JPN,Japan,128201.82,13.341446281649981
2011,08_JPN,Japan,128168.73,13.298988757028978
2012,08_JPN,Japan,128024.135,13.624573210770707
2013,08_JPN,Japan,127832.435,14.052405937478962
2014,08_JPN,Japan,127614.856,14.172802789561956
2015,08_JPN,Japan,127358.353,14.539413822427237
2016,08_JPN,Japan,127193.392,14.6653323057055
2017,08_JPN,Japan,127126.51,15.001733019449103
2018,08_JPN,Japan,127002.87,15.13073175806159
2019,08_JPN,Japan,126823.995,14.991889729987037
2020,08_JPN,Japan,126574.852,13.929748219823447
2021,08_JPN,Japan,126034.234,14.683621456423355
2022,08_JPN,Japan,125324.442,15.011477950696491
2023,08_JPN,Japan,124670.714,15.316293653709636
2024,08_JPN,Japan,124071.179,15.35335513594631
2025,08_JPN,Japan,123280.884,15.636135335687014
2026,08_JPN,Japan,122465.539,15.78900217202243
2027,08_JPN,Japan,121625.626,15.945125593220233
2028,08_JPN,Japan,120773.229,16.081983773884993
2029,08_JPN,Japan,119909.88,16.21999112967609
2030,08_JPN,Japan,118952.837,16.387985685133383
2031,08_JPN,Japan,117985.739,16.625246887144986
2032,08_JPN,Japan,117013.409,16.865943098135823
2033,08_JPN,Japan,116034.844,17.09748775543067
2034,08_JPN,Japan,115054.961,17.320966204363216
2035,08_JPN,Japan,114007.831,17.547365703326722
2036,08_JPN,Japan,112957.357,17.786031189937045
2037,08_JPN,Japan,111909.164,18.034745448254984
2038,08_JPN,Japan,110862.385,18.286937648426846
2039,08_JPN,Japan,109821.879,18.542656424896112
2040,08_JPN,Japan,108783.659,18.801951092195004
2041,08_JPN,Japan,107748.355,19.06487165445463
2042,08_JPN,Japan,106710.862,19.33146881504812
2043,08_JPN,Japan,105687.779,19.601793986368598
2044,08_JPN,Japan,104671.873,19.87589929974391
2045,08_JPN,Japan,103665.087,20.153837615489962
2046,08_JPN,Japan,102662.551,20.43566253310468
2047,08_JPN,Japan,101671.343,20.721428401604477
2048,08_JPN,Japan,100690.28,21.011190330005302
2049,08_JPN,Japan,99721.228,21.305004197950222
2050,08_JPN,Japan,98756.739,21.60292666648563
2051,08_JPN,Japan,97799.297,21.905015188988152
2052,08_JPN,Japan,96844.103,22.211328022244334
2053,08_JPN,Japan,95881.705,22.521924237685276
2054,08_JPN,Japan,94921.724,22.83686373277837
2055,08_JPN,Japan,93942.975,23.15620724257832
2056,08_JPN,Japan,92962.683,23.48001635143971
2057,08_JPN,Japan,91963.89,23.80835350489334
2058,08_JPN,Japan,90955.779,24.141282021688653
2059,08_JPN,Japan,89935.849,24.47886610600453
2060,08_JPN,Japan,88892.976,24.821170859830875
2061,08_JPN,Japan,87841.766,25.168262295523313
2062,08_JPN,Japan,86781.084,25.520207348533457
2063,08_JPN,Japan,85711.425,25.877073890317195
2064,08_JPN,Japan,84634.458,26.23893074142348
2065,08_JPN,Japan,83550.628,26.605847684766143
2066,08_JPN,Japan,82455.103,26.977895479081305
2067,08_JPN,Japan,81363.054,27.35514587257296
2068,08_JPN,Japan,80276.611,27.737671616749402
2069,08_JPN,Japan,79188.661,28.125546480453092
2070,08_JPN,Japan,78113.235,28.518845264086757
2071,08_JPN,Japan,77046.024,28.917643814038392
2072,08_JPN,Japan,76005.806,29.322019037307996
2073,08_JPN,Japan,74984.271,29.732048916338833
2074,08_JPN,Japan,73981.353,30.147812524056093
2075,08_JPN,Japan,73009.183,30.569390039115845
2076,08_JPN,Japan,72064.37,30.996862761367236
2077,08_JPN,Japan,71145.652,31.430313127530894
2078,08_JPN,Japan,70249.986,31.869824727096585
2079,08_JPN,Japan,69380.724,32.31548231844317
2080,08_JPN,Japan,68536.023,32.767371845183995
2081,08_JPN,Japan,67709.99,33.22558045274081
2082,08_JPN,Japan,66907.333,33.6901965051495
2083,08_JPN,Japan,66118.997,34.161309602100815
2084,08_JPN,Japan,65348.037,34.63901059621934
2085,08_JPN,Japan,64586.851,35.12339161058416
2086,08_JPN,Japan,63836.068,35.61454605649447
2087,08_JPN,Japan,63096.187,36.11256865148366
2088,08_JPN,Japan,62367.855,36.61755543758528
2089,08_JPN,Japan,61646.729,37.12960379985442
2090,08_JPN,Japan,60928.43,37.64881248514811
2091,08_JPN,Japan,60213.865,38.17528162116833
2092,08_JPN,Japan,59501.727,38.709112735771306
2093,08_JPN,Japan,58785.87,39.250408776546834
2094,08_JPN,Japan,58072.782,39.79927413067137
2095,08_JPN,Japan,57362.531,40.35581464503878
2096,08_JPN,Japan,56650.722,40.92013764667254
2097,08_JPN,Japan,55934.692,41.49235196342345
2098,08_JPN,Japan,55222.219,42.072567944956674
2099,08_JPN,Japan,54505.548,42.66089748403234
2100,08_JPN,Japan,53783.142,43.2574540380837
